date,CN_airport_entry,global_airport_entry,CN_airport_departure,global_airport_departure
2019-04-04,15048,32239,11905,21276
2019-04-05,15022,28019,10175,21923
2019-04-06,11514,25451,12658,25204
2019-04-07,13499,22178,16547,33015
2019-04-18,12809,27943,6535,17371
2019-04-19,12242,30750,7406,21236
2019-04-20,12896,25898,10732,28831
2019-04-21,11766,23072,12921,34322
2019-04-22,7251,17195,9743,28011
2019-04-30,18469,25397,23605,27297
2019-05-01,20271,28085,20266,27935
2019-05-02,18458,27307,12761,24278
2019-05-03,19456,27771,15539,26252
2019-05-04,27260,25096,19613,28495
2019-05-05,24310,23717,15943,33975
2019-05-11,13946,22122,11291,21425
2019-05-12,12382,19602,15363,26262
2019-05-13,11824,19576,12504,21855
2019-06-07,16494,27712,10497,21641
2019-06-08,12210,22462,11664,25156
2019-06-09,14388,20219,16966,34586
2019-06-29,17109,23204,11744,19899
2019-06-30,15320,18794,15450,24963
2019-07-01,12074,16728,11836,22266
2019-09-12,7169,15287,7130,13718
2019-09-13,6705,14182,4900,12628
2019-09-14,4664,12938,4499,11644
2019-09-15,8445,17401,7053,15846
2019-09-28,8744,10799,13316,15073
2019-09-29,7386,8907,13238,16694
2019-09-30,9642,10027,23249,14243
2019-10-01,8315,8491,25924,11451
2019-10-02,9835,12548,16219,10210
2019-10-03,12830,15228,9663,10216
2019-10-04,16666,14272,7796,10211
2019-10-05,20943,13675,8553,10611
2019-10-06,28942,13253,10036,12880
2019-10-07,29626,12379,8097,10192
2019-12-21,8904,17560,4102,11322
2019-12-22,7477,16617,5050,13283
2019-12-23,7607,18021,4638,13002
2019-12-24,5541,17399,3685,9656
2019-12-25,4956,18860,3320,10775
2019-12-26,4930,18714,3702,15898
2019-12-27,5647,18949,4516,14751
2019-12-28,5088,20784,5306,15715
2019-12-29,4043,15071,5197,18618
2019-12-30,4999,18078,4963,17085
2019-12-31,4109,14087,5183,14984
2020-01-01,3733,11409,4677,19370
2020-01-24,9124,14116,4451,7242
2020-01-25,8489,10953,5326,7335
2020-01-26,10955,7522,7870,8813
2020-01-27,10309,6764,8203,11319
2020-01-28,7187,5422,8306,12151
2020-01-29,9196,5871,7550,10514
2020-01-30,9907,5530,7122,9882
2020-01-31,7817,5089,5737,7599
2020-02-01,5703,4567,5072,8046
2020-02-02,4649,3762,4360,6898
2020-02-03,6996,3846,3596,5428
2020-02-04,6317,3647,3550,4471
2020-02-05,6041,3592,2591,4404
2020-02-06,5728,3478,2512,4222
2020-02-07,5563,3556,2735,4012
2020-02-08,943,3070,1127,3253
2020-02-09,913,2591,971,3200
2020-02-10,766,2037,535,3219
2020-02-11,647,2107,481,2556
2020-02-12,619,1725,471,2358
2020-02-13,638,1938,453,2150
2020-02-14,584,2015,477,2012
2020-02-15,692,2098,390,2064
2020-02-16,650,1848,349,2524
2020-02-17,532,1876,212,2018
2020-02-18,479,1862,266,1722
2020-02-19,462,1789,214,1582
2020-02-20,525,1730,280,1944
2020-02-21,539,2007,356,1749
2020-02-22,530,2030,247,1888
2020-02-23,537,2009,296,2141
2020-02-24,451,1792,231,1919
2020-02-25,414,1471,181,1574
2020-02-26,410,1484,212,1521
2020-02-27,512,1780,168,1501
2020-02-28,369,1767,255,1747
2020-02-29,870,1893,230,1688
2020-03-01,1122,2461,354,1850
2020-03-02,732,1935,206,1314
2020-03-03,734,1923,190,1349
2020-03-04,772,1847,213,1123
2020-03-05,673,1749,190,1289
2020-03-06,705,1877,215,1150
2020-03-07,795,1919,216,1398
2020-03-08,730,1833,276,1376
2020-03-09,706,1623,139,970
2020-03-10,663,1531,142,914
2020-03-11,838,1539,205,841
2020-03-12,944,1426,152,995
2020-03-13,1075,1401,269,1044
2020-03-14,1435,1587,214,996
2020-03-15,1558,1950,315,863
2020-03-16,1662,2038,382,896
2020-03-17,1702,1272,339,666
2020-03-18,2027,1309,337,615
2020-03-19,37,596,160,519
2020-03-20,44,603,54,445
2020-03-21,43,526,39,320
2020-03-22,33,566,49,228
2020-03-23,30,529,34,208
2020-03-24,73,855,21,260
2020-03-25,6,158,21,236
2020-03-26,6,126,20,138
2020-03-27,4,178,46,238
2020-03-28,7,175,51,162
2020-03-29,6,215,25,77
2020-03-30,7,138,10,92
2020-03-31,9,119,20,142
2020-04-01,5,34,36,86
2020-04-02,4,9,21,59
2020-04-03,6,24,38,87
2020-04-04,3,15,20,51
2020-04-05,0,7,10,71
2020-04-06,2,13,13,43
2020-04-07,4,16,14,43
2020-04-08,6,24,14,59
2020-04-09,0,17,3,39
2020-04-10,9,39,20,74
2020-04-11,0,8,4,33
2020-04-12,4,24,30,54
2020-04-13,1,18,6,28
2020-04-14,7,10,10,50
2020-04-15,2,16,12,60
2020-04-16,1,19,15,24
2020-04-17,6,20,15,80
2020-04-18,9,14,19,67
2020-04-19,2,13,2,44
2020-04-20,6,20,26,25
2020-04-21,3,22,3,28
2020-04-22,2,29,6,57
2020-04-23,2,19,13,59
2020-04-24,0,26,5,63
2020-04-25,7,20,13,41
2020-04-26,1,20,18,35
2020-04-27,2,10,1,22
2020-04-28,0,64,1,50
2020-04-29,4,15,6,44
2020-04-30,5,48,17,31
2020-05-01,4,24,6,98
2020-05-02,6,39,4,72
2020-05-03,1,26,6,44
2020-05-04,10,19,4,161
2020-05-05,3,11,2,24
2020-05-06,4,13,9,30
2020-05-07,5,5,3,8
2020-05-08,13,35,9,49
2020-05-09,6,63,14,28
2020-05-10,7,41,7,42
2020-05-11,7,30,8,25
2020-05-12,5,33,7,34
2020-05-13,13,24,10,77
2020-05-14,3,32,2,41
2020-05-15,3,31,3,60
2020-05-16,13,149,5,77
2020-05-17,6,55,7,61
2020-05-18,6,39,9,62
2020-05-19,0,14,2,18
2020-05-20,5,20,8,26
2020-05-21,8,30,8,32
2020-05-22,7,31,4,55
2020-05-23,5,102,12,35
2020-05-24,10,38,9,40
2020-05-25,6,46,4,23
2020-05-26,2,37,3,53
2020-05-27,4,21,9,149
2020-05-28,2,29,7,71
2020-05-29,4,22,2,65
2020-05-30,7,35,7,48
2020-05-31,8,41,4,38
2020-06-01,9,61,1,40
2020-06-02,4,52,2,110
2020-06-03,5,40,12,120
2020-06-04,6,36,5,80
2020-06-05,4,42,10,78
2020-06-06,7,46,22,186
2020-06-07,3,44,9,120
2020-06-08,14,102,17,44
2020-06-09,12,30,22,44
2020-06-10,3,15,15,199
2020-06-11,4,19,10,36
2020-06-12,7,72,5,92
2020-06-13,4,54,14,62
2020-06-14,3,50,16,80
2020-06-15,7,75,12,58
2020-06-16,4,42,19,51
2020-06-17,11,40,8,35
2020-06-18,0,34,6,95
2020-06-19,2,86,5,180
2020-06-20,12,54,5,51
2020-06-21,5,71,27,78
2020-06-22,7,64,4,36
2020-06-23,9,34,18,54
2020-06-24,3,55,6,44
2020-06-25,2,46,11,68
2020-06-26,8,57,13,85
2020-06-27,1,53,15,138
2020-06-28,5,69,1,103
2020-06-29,5,34,4,108
2020-06-30,7,82,5,62
2020-07-01,3,58,20,82
2020-07-02,5,75,23,60
2020-07-03,7,71,17,87
2020-07-04,13,57,9,133
2020-07-05,6,48,14,151
2020-07-06,4,46,2,110
2020-07-07,8,36,18,81
2020-07-08,11,76,5,197
2020-07-09,9,44,21,84
2020-07-10,2,105,29,96
2020-07-11,13,75,19,92
2020-07-12,10,79,61,109
2020-07-13,9,55,30,62
2020-07-14,8,55,66,84
2020-07-15,3,58,20,74
2020-07-16,3,28,24,36
2020-07-17,7,82,51,72
2020-07-18,12,45,65,69
2020-07-19,2,42,73,109
2020-07-20,2,27,41,113
2020-07-21,3,49,95,72
2020-07-22,3,47,41,68
2020-07-23,5,11,32,195
2020-07-24,5,42,56,101
2020-07-25,6,21,68,55
2020-07-26,4,49,85,73
2020-07-27,5,25,33,42
2020-07-28,10,47,62,84
2020-07-29,0,23,28,53
2020-07-30,3,20,23,36
2020-07-31,3,65,57,98
2020-08-01,5,11,80,82
2020-08-02,3,46,59,96
2020-08-03,2,14,24,112
2020-08-04,3,34,61,91
2020-08-05,3,40,27,42
2020-08-06,3,20,32,99
2020-08-07,5,46,32,117
2020-08-08,5,22,65,56
2020-08-09,10,28,47,84
2020-08-10,10,22,19,78
2020-08-11,2,33,23,57
2020-08-12,7,21,24,43
2020-08-13,2,16,15,61
2020-08-14,3,49,23,88
2020-08-15,5,39,44,195
2020-08-16,11,21,35,74
2020-08-17,6,22,15,32
2020-08-18,0,14,19,48
2020-08-19,1,21,10,33
2020-08-20,1,29,6,54
2020-08-21,10,25,27,184
2020-08-22,1,12,26,48
2020-08-23,10,48,27,60
2020-08-24,8,9,22,81
2020-08-25,9,10,19,91
2020-08-26,2,30,10,56
2020-08-27,4,13,3,49
2020-08-28,9,35,13,82
2020-08-29,4,17,42,224
2020-08-30,9,32,10,57
2020-08-31,2,14,6,40
2020-09-01,4,22,18,57
2020-09-02,6,37,26,40
2020-09-03,4,15,12,28
2020-09-04,5,32,16,41
2020-09-05,11,28,40,70
2020-09-06,5,51,31,69
2020-09-07,5,19,5,39
2020-09-08,9,45,27,46
2020-09-09,9,24,18,115
2020-09-10,4,15,11,37
2020-09-11,7,44,9,56
2020-09-12,15,39,40,46
2020-09-13,9,49,29,60
2020-09-14,4,26,8,38
2020-09-15,7,40,18,64
2020-09-16,10,30,17,47
2020-09-17,5,21,6,42
2020-09-18,4,41,5,41
2020-09-19,11,31,25,36
2020-09-20,9,43,21,48
2020-09-21,1,17,5,23
2020-09-22,2,21,22,57
2020-09-23,1,39,11,60
2020-09-24,3,14,6,37
2020-09-25,3,42,13,51
2020-09-26,18,12,47,27
2020-09-27,3,37,8,52
2020-09-28,4,35,12,40
2020-09-29,11,30,20,75
2020-09-30,3,28,18,49
2020-10-01,4,34,5,101
2020-10-02,4,43,19,66
2020-10-03,4,19,21,58
2020-10-04,3,59,8,44
2020-10-05,2,33,13,34
2020-10-06,4,24,23,29
2020-10-07,1,26,11,38
2020-10-08,1,35,6,53
2020-10-09,5,37,45,26
2020-10-10,4,14,30,26
2020-10-11,13,68,48,48
2020-10-12,10,32,11,40
2020-10-13,2,31,22,27
2020-10-14,4,30,21,31
2020-10-15,3,53,14,64
2020-10-16,5,49,30,42
2020-10-17,8,9,27,48
2020-10-18,13,52,26,38
2020-10-19,2,31,8,28
2020-10-20,5,16,10,93
2020-10-21,2,31,10,78
2020-10-22,2,34,7,43
2020-10-23,2,42,25,58
2020-10-24,7,27,9,26
2020-10-25,14,38,31,48
2020-10-26,3,21,7,26
2020-10-27,2,17,4,28
2020-10-28,2,23,11,28
2020-10-29,6,28,8,45
2020-10-30,4,37,26,57
2020-10-31,5,19,19,36
2020-11-01,1,47,8,39
2020-11-02,0,25,9,17
2020-11-03,14,32,20,96
2020-11-04,7,33,6,124
2020-11-05,1,30,3,84
2020-11-06,5,40,10,55
2020-11-07,8,26,9,28
2020-11-08,4,63,22,60
2020-11-09,0,19,13,20
2020-11-10,6,36,20,36
2020-11-11,2,52,8,42
2020-11-12,4,61,7,74
2020-11-13,1,26,8,49
2020-11-14,3,19,15,34
2020-11-15,6,38,30,55
2020-11-16,14,17,13,14
2020-11-17,4,26,14,32
2020-11-18,6,27,5,86
2020-11-19,2,30,5,36
2020-11-20,12,34,27,56
2020-11-21,3,41,21,35
2020-11-22,5,27,21,70
2020-11-23,3,14,1,36
2020-11-24,3,19,15,34
2020-11-25,4,16,15,31
2020-11-26,2,19,13,41
2020-11-27,6,28,24,38
2020-11-28,9,15,15,46
2020-11-29,4,33,15,54
2020-11-30,0,22,1,56
2020-12-01,4,21,23,30
2020-12-02,1,28,18,55
2020-12-03,2,38,4,34
2020-12-04,7,34,23,40
2020-12-05,0,18,30,39
2020-12-06,6,40,24,55
2020-12-07,2,64,9,30
2020-12-08,4,20,30,45
2020-12-09,1,43,10,73
2020-12-10,3,39,10,142
2020-12-11,2,57,22,45
2020-12-12,4,13,17,27
2020-12-13,2,37,28,50
2020-12-14,4,21,15,67
2020-12-15,10,28,38,41
2020-12-16,5,24,12,50
2020-12-17,1,31,10,58
2020-12-18,7,27,25,50
2020-12-19,3,16,14,40
2020-12-20,6,39,28,50
2020-12-21,3,16,14,25
2020-12-22,3,21,23,24
2020-12-23,7,9,13,42
2020-12-24,2,23,6,36
2020-12-25,1,11,32,26
2020-12-26,3,5,8,29
2020-12-27,1,27,16,43
2020-12-28,2,12,10,28
2020-12-29,4,9,38,31
2020-12-30,3,23,3,48
2020-12-31,1,17,5,42
2021-01-01,0,9,17,28
2021-01-02,10,10,22,33
2021-01-03,4,36,31,44
2021-01-04,1,12,2,41
2021-01-05,2,17,36,49
2021-01-06,2,17,14,42
2021-01-07,7,23,9,48
2021-01-08,1,26,30,46
2021-01-09,11,6,28,50
2021-01-10,6,19,39,60
2021-01-11,0,12,4,37
2021-01-12,3,13,30,36
2021-01-13,1,14,14,30
2021-01-14,2,13,12,73
2021-01-15,1,30,24,47
2021-01-16,10,25,16,24
2021-01-17,4,29,25,30
2021-01-18,1,8,6,17
2021-01-19,3,15,20,53
2021-01-20,2,11,3,21
2021-01-21,5,18,31,41
2021-01-22,1,12,3,49
2021-01-23,11,21,17,39
2021-01-24,5,32,11,44
2021-01-25,0,8,3,22
2021-01-26,3,10,7,45
2021-01-27,2,16,3,32
2021-01-28,9,10,11,57
2021-01-29,0,14,4,30
2021-01-30,6,9,4,23
2021-01-31,1,23,8,23
2021-02-01,1,20,1,16
2021-02-02,2,19,10,42
2021-02-03,4,12,2,20
2021-02-04,4,8,5,23
2021-02-05,0,21,8,34
2021-02-06,2,20,2,43
2021-02-07,7,22,4,42
2021-02-08,0,4,1,14
2021-02-09,1,8,5,41
2021-02-10,3,6,0,33
2021-02-11,0,8,0,16
2021-02-12,1,14,3,21
2021-02-13,0,3,0,28
2021-02-14,4,34,22,25
2021-02-15,6,12,11,22
2021-02-16,9,10,8,63
2021-02-17,2,17,10,27
2021-02-18,8,19,10,114
2021-02-19,5,14,6,33
2021-02-20,4,14,10,34
2021-02-21,5,23,24,36
2021-02-22,6,19,12,31
2021-02-23,1,7,18,19
2021-02-24,1,14,9,22
2021-02-25,1,28,1,82
2021-02-26,2,19,8,35
2021-02-27,5,11,13,17
2021-02-28,9,17,31,42
2021-03-01,3,14,17,18
2021-03-02,4,10,12,30
2021-03-03,9,33,2,37
2021-03-04,2,42,9,38
2021-03-05,2,25,13,26
2021-03-06,13,7,43,28
2021-03-07,5,21,2,30
2021-03-08,0,11,7,20
2021-03-09,6,15,10,14
2021-03-10,2,22,3,68
2021-03-11,2,11,2,16
2021-03-12,5,20,16,32
2021-03-13,8,9,42,20
2021-03-14,0,31,4,32
2021-03-15,2,19,4,18
2021-03-16,0,3,19,34
2021-03-17,11,14,5,30
2021-03-18,4,18,10,51
2021-03-19,5,25,8,34
2021-03-20,7,9,41,19
2021-03-21,3,13,13,30
2021-03-22,2,10,3,30
2021-03-23,3,4,12,17
2021-03-24,2,22,6,20
2021-03-25,1,18,2,31
2021-03-26,3,26,1,27
2021-03-27,7,15,38,21
2021-03-28,2,19,13,38
2021-03-29,1,7,4,9
2021-03-30,7,5,8,21
2021-03-31,5,20,9,24
2021-04-01,3,19,0,25
2021-04-02,6,36,14,41
2021-04-03,4,9,25,7
2021-04-04,3,22,6,18
2021-04-05,4,5,13,22
2021-04-06,1,12,14,21
2021-04-07,1,12,2,13
2021-04-08,6,45,1,93
2021-04-09,10,29,8,43
2021-04-10,10,15,11,30
2021-04-11,4,20,8,39
2021-04-12,5,7,4,9
2021-04-13,1,10,7,40
2021-04-14,0,12,3,24
2021-04-15,4,10,3,82
2021-04-16,5,25,21,39
2021-04-17,7,11,12,18
2021-04-18,2,14,8,37
2021-04-19,1,11,11,16
2021-04-20,3,12,8,40
2021-04-21,3,21,9,14
2021-04-22,3,15,3,30
2021-04-23,5,32,14,82
2021-04-24,4,14,18,14
2021-04-25,2,24,9,25
2021-04-26,3,13,6,27
2021-04-27,3,11,7,32
2021-04-28,5,12,6,22
2021-04-29,1,18,3,31
2021-04-30,1,21,5,30
2021-05-01,1,5,3,13
2021-05-02,5,24,8,37
2021-05-03,2,11,3,21
2021-05-04,2,16,9,15
2021-05-05,4,10,4,18
2021-05-06,1,9,2,20
2021-05-07,4,29,15,63
2021-05-08,3,5,8,12
2021-05-09,6,73,9,44
2021-05-10,0,42,2,28
2021-05-11,3,18,7,31
2021-05-12,11,22,6,8
2021-05-13,2,15,5,26
2021-05-14,3,36,16,45
2021-05-15,7,26,10,27
2021-05-16,7,22,10,66
2021-05-17,5,6,0,68
2021-05-18,4,18,15,81
2021-05-19,4,19,9,30
2021-05-20,3,26,3,56
2021-05-21,12,9,29,26
2021-05-22,4,5,11,17
2021-05-23,6,15,1,28
2021-05-24,2,5,2,21
2021-05-25,7,2,7,39
2021-05-26,4,27,4,43
2021-05-27,10,10,5,80
2021-05-28,12,19,24,35
2021-05-29,9,13,27,16
2021-05-30,8,22,9,56
2021-05-31,3,4,4,34
2021-06-01,9,15,18,56
2021-06-02,2,19,10,22
2021-06-03,9,11,22,23
2021-06-04,12,8,16,31
2021-06-05,10,11,27,23
2021-06-06,129,25,17,31
2021-06-07,4,3,4,18
2021-06-08,9,4,16,34
2021-06-09,13,15,7,12
2021-06-10,14,25,21,29
2021-06-11,28,8,27,40
2021-06-12,33,6,24,23
2021-06-13,25,11,14,31
2021-06-14,7,7,0,19
2021-06-15,13,8,17,33
2021-06-16,2,14,10,20
2021-06-17,15,8,13,29
2021-06-18,21,16,27,25
2021-06-19,10,8,22,23
2021-06-20,26,31,29,21
2021-06-21,3,13,63,13
2021-06-22,17,11,35,34
2021-06-23,7,14,9,38
2021-06-24,33,10,43,28
2021-06-25,18,11,41,38
2021-06-26,33,28,41,32
2021-06-27,23,12,28,16
2021-06-28,5,7,1,35
2021-06-29,21,20,20,31
2021-06-30,14,11,17,29
2021-07-01,22,20,31,33
2021-07-02,14,12,33,32
2021-07-03,24,13,33,18
2021-07-04,26,15,33,38
2021-07-05,8,3,7,11
2021-07-06,15,10,19,19
2021-07-07,16,8,17,10
2021-07-08,19,7,26,29
2021-07-09,24,19,15,30
2021-07-10,22,6,54,18
2021-07-11,37,22,35,32
2021-07-12,5,5,17,18
2021-07-13,14,17,21,21
2021-07-14,10,19,22,20
2021-07-15,18,15,46,14
2021-07-16,22,18,31,29
2021-07-17,17,14,34,15
2021-07-18,28,24,44,22
2021-07-19,10,11,11,24
2021-07-20,7,15,3,25
2021-07-21,14,21,28,12
2021-07-22,20,11,26,27
2021-07-23,18,21,18,30
2021-07-24,9,13,30,18
2021-07-25,18,16,17,26
2021-07-26,1,8,7,8
2021-07-27,8,16,18,14
2021-07-28,17,12,10,23
2021-07-29,23,21,27,16
2021-07-30,17,23,17,36
2021-07-31,22,9,23,30
2021-08-01,22,20,25,29
2021-08-02,14,15,11,22
2021-08-03,5,20,8,24
2021-08-04,12,7,10,15
2021-08-05,9,17,22,22
2021-08-06,17,21,30,24
2021-08-07,14,18,22,19
2021-08-08,18,19,18,29
2021-08-09,13,29,7,17
2021-08-10,16,44,13,41
2021-08-11,12,22,12,20
2021-08-12,11,25,18,24
2021-08-13,6,28,19,31
2021-08-14,5,30,36,18
2021-08-15,21,25,19,25
2021-08-16,16,18,15,18
2021-08-17,13,27,5,42
2021-08-18,19,56,9,20
2021-08-19,13,83,19,25
2021-08-20,14,45,12,53
2021-08-21,15,22,32,19
2021-08-22,8,28,10,21
2021-08-23,6,23,8,27
2021-08-24,5,20,17,31
2021-08-25,16,30,13,25
2021-08-26,17,21,14,25
2021-08-27,11,37,23,31
2021-08-28,16,35,26,21
2021-08-29,5,29,7,32
2021-08-30,8,20,15,30
2021-08-31,9,41,28,32
2021-09-01,15,21,13,40
2021-09-02,8,36,15,29
2021-09-03,4,38,6,40
2021-09-04,13,36,32,19
2021-09-05,9,34,21,37
2021-09-06,3,21,20,21
2021-09-07,10,31,19,38
2021-09-08,9,32,11,34
2021-09-09,6,45,21,23
2021-09-10,8,60,12,49
2021-09-11,13,32,27,29
2021-09-12,7,37,18,44
2021-09-13,5,27,1,22
2021-09-14,8,42,17,50
2021-09-15,4,28,25,36
2021-09-16,12,34,14,33
2021-09-17,8,22,12,46
2021-09-18,17,35,30,34
2021-09-19,9,24,28,33
2021-09-20,14,16,26,25
2021-09-21,3,31,24,33
2021-09-22,14,34,26,39
2021-09-23,9,32,38,38
2021-09-24,6,39,55,55
2021-09-25,24,16,41,39
2021-09-26,15,33,67,40
2021-09-27,9,21,25,21
2021-09-28,6,37,38,50
2021-09-29,13,30,54,40
2021-09-30,15,40,30,36
2021-10-01,8,35,27,49
2021-10-02,13,49,40,24
2021-10-03,6,36,41,45
2021-10-04,10,27,18,24
2021-10-05,3,24,5,25
2021-10-06,8,32,39,39
2021-10-07,2,30,25,23
2021-10-08,13,37,37,45
2021-10-09,9,35,76,37
2021-10-10,10,65,40,49
2021-10-11,3,25,22,20
2021-10-12,5,19,48,18
2021-10-13,6,40,142,48
2021-10-14,12,63,33,40
2021-10-15,6,34,23,30
2021-10-16,10,43,29,26
2021-10-17,17,55,45,54
2021-10-18,5,31,6,18
2021-10-19,3,22,9,36
2021-10-20,8,48,36,39
2021-10-21,5,24,18,33
2021-10-22,5,43,23,22
2021-10-23,14,45,20,26
2021-10-24,7,55,20,55
2021-10-25,20,45,12,28
2021-10-26,3,26,31,38
2021-10-27,12,46,26,40
2021-10-28,9,35,7,26
2021-10-29,8,39,19,58
2021-10-30,8,38,7,35
2021-10-31,24,50,30,57
2021-11-01,3,51,16,31
2021-11-02,6,36,29,32
2021-11-03,15,32,18,43
2021-11-04,19,40,18,20
2021-11-05,62,46,16,46
2021-11-06,174,34,33,59
2021-11-07,75,44,26,39
2021-11-08,6,40,14,29
2021-11-09,11,30,17,33
2021-11-10,10,52,10,53
2021-11-11,6,36,28,27
2021-11-12,15,68,21,55
2021-11-13,11,35,20,33
2021-11-14,30,90,34,74
2021-11-15,5,56,162,32
2021-11-16,8,37,74,55
2021-11-17,20,88,63,54
2021-11-18,12,37,30,46
2021-11-19,9,43,24,46
2021-11-20,19,32,21,45
2021-11-21,15,37,27,53
2021-11-22,4,29,7,31
2021-11-23,2,34,29,49
2021-11-24,12,56,14,41
2021-11-25,8,48,25,53
2021-11-26,12,42,12,66
2021-11-27,7,40,16,66
2021-11-28,9,30,10,66
2021-11-29,6,16,12,22
2021-11-30,5,31,11,45
2021-12-01,11,151,25,66
2021-12-02,13,85,15,49
2021-12-03,4,58,14,58
2021-12-04,24,41,24,56
2021-12-05,20,77,32,49
2021-12-06,2,13,9,41
2021-12-07,4,19,15,42
2021-12-08,17,21,10,45
2021-12-09,11,26,18,63
2021-12-10,15,27,18,65
2021-12-11,20,16,26,44
2021-12-12,21,36,21,57
2021-12-13,12,17,8,36
2021-12-14,4,11,22,50
2021-12-15,25,22,32,83
2021-12-16,10,30,15,43
2021-12-17,3,37,14,69
2021-12-18,22,28,36,55
2021-12-19,30,25,15,65
2021-12-20,15,20,31,39
2021-12-21,7,20,30,57
2021-12-22,18,28,31,66
2021-12-23,9,19,16,43
2021-12-24,9,39,22,43
2021-12-25,14,10,26,36
2021-12-26,12,18,44,49
2021-12-27,12,19,21,54
2021-12-28,2,5,27,41
2021-12-29,23,24,35,63
2021-12-30,8,24,19,40
2021-12-31,4,10,32,56
2022-01-01,3,16,14,44
2022-01-02,15,7,62,94
2022-01-03,12,5,26,38
2022-01-04,15,25,27,44
2022-01-05,15,16,36,58
2022-01-06,10,15,17,53
2022-01-07,11,33,62,78
2022-01-08,10,12,63,53
2022-01-09,20,3,48,97
2022-01-10,14,7,55,40
2022-01-11,12,3,47,39
2022-01-12,14,13,38,45
2022-01-13,28,10,17,29
2022-01-14,23,34,35,51
2022-01-15,20,20,32,57
2022-01-16,24,14,35,72
2022-01-17,10,9,21,51
2022-01-18,8,17,27,37
2022-01-19,19,19,15,40
2022-01-20,18,25,19,24
2022-01-21,20,5,24,44
2022-01-22,19,12,17,21
2022-01-23,24,25,36,54
2022-01-24,16,12,24,40
2022-01-25,3,13,12,26
2022-01-26,7,21,20,34
2022-01-27,9,13,11,32
2022-01-28,12,13,13,36
2022-01-29,13,12,12,29
2022-01-30,16,11,15,50
2022-01-31,1,12,1,24
2022-02-01,2,7,22,14
2022-02-02,3,24,19,38
2022-02-03,2,9,16,31
2022-02-04,8,6,13,28
2022-02-05,7,5,29,24
2022-02-06,14,30,55,61
2022-02-07,3,23,23,33
2022-02-08,8,6,41,39
2022-02-09,2,16,30,36
2022-02-10,3,28,38,50
2022-02-11,3,18,51,39
2022-02-12,8,13,35,41
2022-02-13,3,15,95,53
2022-02-14,3,15,84,10
2022-02-15,1,8,87,31
2022-02-16,3,20,115,52
2022-02-17,8,11,120,38
2022-02-18,4,11,99,33
2022-02-19,4,5,167,26
2022-02-20,3,10,113,47
2022-02-21,2,8,103,33
2022-02-22,3,2,142,31
2022-02-23,3,18,127,33
2022-02-24,0,12,100,31
2022-02-25,3,9,96,18
2022-02-26,2,3,69,21
2022-02-27,1,8,140,26
2022-02-28,1,0,72,15
2022-03-01,0,2,81,27
2022-03-02,3,21,115,45
2022-03-03,1,25,70,50
2022-03-04,4,2,108,39
2022-03-05,6,11,84,22
2022-03-06,4,11,101,45
2022-03-07,1,10,26,28
2022-03-08,0,5,30,18
2022-03-09,4,15,64,57
2022-03-10,0,14,76,42
2022-03-11,2,14,36,46
2022-03-12,4,2,16,37
2022-03-13,0,9,24,40
2022-03-14,2,9,29,29
2022-03-15,1,5,45,30
2022-03-16,5,9,49,38
2022-03-17,2,5,39,28
2022-03-18,1,17,33,36
2022-03-19,2,19,31,30
2022-03-20,2,5,38,50
2022-03-21,1,5,37,25
2022-03-22,0,2,25,17
2022-03-23,3,6,52,31
2022-03-24,1,10,52,13
2022-03-25,1,8,41,37
2022-03-26,2,4,27,21
2022-03-27,4,5,43,32
2022-03-28,2,6,23,17
2022-03-29,0,0,20,22
2022-03-30,5,7,37,22
2022-03-31,18,9,42,85
2022-04-01,7,27,44,32
2022-04-02,2,13,22,35
2022-04-03,11,12,28,25
2022-04-04,14,14,30,26
2022-04-05,2,12,15,13
2022-04-06,5,16,29,29
2022-04-07,31,13,48,32
2022-04-08,13,13,23,46
2022-04-09,3,13,19,39
2022-04-10,6,18,20,29
2022-04-11,3,17,17,18
2022-04-12,4,7,20,24
2022-04-13,5,26,50,21
2022-04-14,5,16,24,25
2022-04-15,8,10,33,24
2022-04-16,4,5,29,20
2022-04-17,3,24,31,32
2022-04-18,8,11,26,18
2022-04-19,0,8,16,21
2022-04-20,6,16,46,42
2022-04-21,13,12,49,23
2022-04-22,17,18,27,28
2022-04-23,11,24,10,20
2022-04-24,10,11,11,51
2022-04-25,19,9,19,29
2022-04-26,8,4,14,37
2022-04-27,19,14,45,49
2022-04-28,14,16,32,29
2022-04-29,12,32,28,44
2022-04-30,13,32,18,42
2022-05-01,9,52,15,45
2022-05-02,13,47,26,14
2022-05-03,14,65,27,19
2022-05-04,19,84,24,20
2022-05-05,21,52,68,36
2022-05-06,19,112,46,22
2022-05-07,10,100,23,33
2022-05-08,31,98,58,40
2022-05-09,27,77,16,28
2022-05-10,25,51,57,44
2022-05-11,36,102,107,42
2022-05-12,45,90,140,68
2022-05-13,86,135,61,53
2022-05-14,91,113,22,53
2022-05-15,193,149,69,54
2022-05-16,185,123,34,48
2022-05-17,212,75,39,32
2022-05-18,354,104,38,66
2022-05-19,623,141,60,57
2022-05-20,430,126,126,52
2022-05-21,368,103,12,46
2022-05-22,476,130,104,76
2022-05-23,495,150,138,46
2022-05-24,364,63,138,45
2022-05-25,971,131,198,62
2022-05-26,470,168,269,87
2022-05-27,739,139,233,77
2022-05-28,432,113,49,82
2022-05-29,1056,238,194,71
2022-05-30,540,64,304,94
2022-05-31,477,62,181,98
2022-06-01,1048,163,338,102
2022-06-02,825,144,239,88
2022-06-03,967,161,201,97
2022-06-04,526,149,17,94
2022-06-05,1189,188,328,113
2022-06-06,936,134,270,60
2022-06-07,630,86,229,86
2022-06-08,1087,142,352,110
2022-06-09,726,152,377,107
2022-06-10,1232,186,425,100
2022-06-11,854,184,26,99
2022-06-12,1025,192,375,105
2022-06-13,809,99,450,125
2022-06-14,796,110,348,96
2022-06-15,1416,149,545,137
2022-06-16,1044,170,337,133
2022-06-17,1333,172,343,105
2022-06-18,1019,151,156,137
2022-06-19,1351,154,448,125
2022-06-20,1087,132,279,117
2022-06-21,949,195,462,127
2022-06-22,1099,117,383,100
2022-06-23,1012,179,528,151
2022-06-24,1193,168,249,118
2022-06-25,1088,131,114,129
2022-06-26,1081,143,512,138
2022-06-27,1033,133,570,98
2022-06-28,772,89,353,127
2022-06-29,1131,112,490,155
2022-06-30,964,150,473,121
2022-07-01,1193,167,726,133
2022-07-02,779,129,515,211
2022-07-03,903,186,471,199
2022-07-04,1154,136,384,121
2022-07-05,641,81,366,187
2022-07-06,1151,149,497,160
2022-07-07,646,115,457,134
2022-07-08,1000,203,546,171
2022-07-09,1060,207,545,223
2022-07-10,1252,238,419,168
2022-07-11,1149,175,500,135
2022-07-12,1087,170,595,180
2022-07-13,1262,165,408,132
2022-07-14,922,163,529,143
2022-07-15,1437,225,599,185
2022-07-16,1070,164,685,275
2022-07-17,1073,191,609,187
2022-07-18,1305,154,429,145
2022-07-19,1015,178,660,151
2022-07-20,1209,174,763,179
2022-07-21,977,137,847,162
2022-07-22,1134,196,1135,190
2022-07-23,969,117,781,238
2022-07-24,1109,216,950,201
2022-07-25,1394,173,801,162
2022-07-26,1130,155,744,177
2022-07-27,1228,207,822,142
2022-07-28,1090,157,740,180
2022-07-29,1216,176,992,199
2022-07-30,1020,189,889,314
2022-07-31,1033,158,967,222
2022-08-01,1225,276,685,142
2022-08-02,729,187,813,166
2022-08-03,1240,205,623,199
2022-08-04,833,162,865,214
2022-08-05,1167,238,948,203
2022-08-06,975,172,828,266
2022-08-07,806,217,871,205
2022-08-08,1203,238,805,170
2022-08-09,1096,234,704,247
2022-08-10,1037,202,808,230
2022-08-11,1176,244,963,232
2022-08-12,1516,290,984,252
2022-08-13,1136,227,822,344
2022-08-14,1264,324,970,237
2022-08-15,1257,280,555,168
2022-08-16,1079,328,496,188
2022-08-17,1459,308,677,238
2022-08-18,1136,351,960,230
2022-08-19,1327,362,1163,263
2022-08-20,1160,301,781,404
2022-08-21,1382,367,914,270
2022-08-22,1196,333,698,206
2022-08-23,1213,320,654,269
2022-08-24,1094,293,1093,227
2022-08-25,662,268,876,228
2022-08-26,2439,521,1723,398
2022-08-27,1480,283,943,369
2022-08-28,1615,470,1278,319
2022-08-29,1228,283,571,291
2022-08-30,1785,425,1238,339
2022-08-31,1302,302,997,286
2022-09-01,1488,422,1154,315
2022-09-02,1602,500,1430,454
2022-09-03,1385,362,1089,395
2022-09-04,1654,417,1424,369
2022-09-05,1193,319,851,262
2022-09-06,1906,431,1350,345
2022-09-07,1367,365,975,346
2022-09-08,1349,447,1214,248
2022-09-09,1759,483,1437,412
2022-09-10,1189,316,935,346
2022-09-11,1447,452,1633,427
2022-09-12,1367,379,852,218
2022-09-13,1210,416,1430,290
2022-09-14,1494,334,946,320
2022-09-15,1242,502,1388,283
2022-09-16,1504,492,1631,470
2022-09-17,1081,336,921,442
2022-09-18,1303,439,1531,425
2022-09-19,1318,325,937,251
2022-09-20,1406,427,1480,396
2022-09-21,1645,344,1031,333
2022-09-22,1194,432,1154,303
2022-09-23,1113,433,1563,455
2022-09-24,1125,293,906,342
2022-09-25,1242,347,1402,510
2022-09-26,1308,298,694,330
2022-09-27,1196,460,1302,413
2022-09-28,1371,480,1035,431
2022-09-29,1115,550,1169,441
2022-09-30,1432,645,1478,534
2022-10-01,1076,572,932,582
2022-10-02,972,732,1332,592
2022-10-03,1574,722,609,421
2022-10-04,1004,677,1291,480
2022-10-05,1293,593,901,538
2022-10-06,1163,770,922,523
2022-10-07,1386,852,1315,606
2022-10-08,1226,795,919,648
2022-10-09,1104,987,1221,672
2022-10-10,1445,885,560,489
2022-10-11,1174,949,1245,730
2022-10-12,1262,846,847,609
2022-10-13,971,912,929,781
2022-10-14,1426,950,1517,954
2022-10-15,1082,836,1047,918
2022-10-16,1024,1102,1267,1153
2022-10-17,1310,1034,629,699
2022-10-18,1064,1071,1275,841
2022-10-19,1279,887,959,872
2022-10-20,1161,1090,983,819
2022-10-21,1428,1192,1487,1092
2022-10-22,1078,924,957,1042
2022-10-23,1085,1179,1235,1158
2022-10-24,1487,989,664,752
2022-10-25,1264,1078,1188,996
2022-10-26,1484,876,1021,1059
2022-10-27,1239,1162,874,894
2022-10-28,1580,1291,1587,1202
2022-10-29,1136,1168,1011,1034
2022-10-30,1345,1610,1140,1139
2022-10-31,1217,1263,701,926
2022-11-01,1284,1515,1385,1161
2022-11-02,1315,1368,704,1022
2022-11-03,1521,1430,1104,1177
2022-11-04,1384,1429,1315,1260
2022-11-05,1470,1410,1057,1398
2022-11-06,1717,1602,1460,1497
2022-11-07,1625,1564,707,1486
2022-11-08,1623,1618,1561,1392
2022-11-09,1355,1511,1033,1257
2022-11-10,1560,1452,1183,1348
2022-11-11,1743,1736,2031,1496
2022-11-12,1540,1559,1255,1650
2022-11-13,1883,1941,1548,1567
2022-11-14,1758,1886,789,1160
2022-11-15,1770,1799,2043,1640
2022-11-16,1693,1774,1299,1486
2022-11-17,1607,1708,1322,1608
2022-11-18,1491,1527,2142,1834
2022-11-19,1614,1813,1608,1751
2022-11-20,1540,1841,1953,1883
2022-11-21,1853,1931,853,1438
2022-11-22,1749,1821,1992,1706
2022-11-23,1828,2093,1243,1491
2022-11-24,1679,1876,1511,1660
2022-11-25,1508,1742,2122,1817
2022-11-26,1539,1876,1375,2142
2022-11-27,1654,2046,1864,2299
2022-11-28,1672,1851,959,1838
2022-11-29,1667,1775,1763,2009
2022-11-30,1773,2051,1381,1902
2022-12-01,1461,2068,1598,2021
2022-12-02,1609,1841,2068,1951
2022-12-03,1683,2285,1384,2076
2022-12-04,1822,2298,1780,2220
2022-12-05,2153,2355,1052,1998
2022-12-06,1824,2245,1811,2072
2022-12-07,1805,2231,1484,1954
2022-12-08,1970,2439,1779,2230
2022-12-09,1558,1926,2099,2445
2022-12-10,1650,2289,1381,2428
2022-12-11,1747,2232,1785,2473
2022-12-12,1992,2220,1276,2359
2022-12-13,1631,2217,1764,2294
2022-12-14,1611,2138,1674,1977
2022-12-15,1804,2637,1949,2177
2022-12-16,1513,2506,2229,2142
2022-12-17,1409,2790,1436,1934
2022-12-18,1449,2679,1650,2216
2022-12-19,1716,2689,1320,2205
2022-12-20,1922,3231,1793,2184
2022-12-21,1766,3363,1381,2050
2022-12-22,2217,3673,1553,1953
2022-12-23,1922,3800,1924,1776
2022-12-24,1894,4034,1599,1751
2022-12-25,2463,3231,1967,2069
2022-12-26,2247,3158,1869,2649
2022-12-27,1595,2912,2007,3308
2022-12-28,1627,3328,1592,3410
2022-12-29,2035,3625,1657,3478
2022-12-30,1784,3585,1849,4052
2022-12-31,1618,2512,1558,3255
2023-01-01,1687,2456,1648,4644
2023-01-02,1624,1857,1422,6713
2023-01-03,1663,2459,1652,4621
2023-01-04,1886,2833,1533,3740
2023-01-05,2304,3164,1434,3422
2023-01-06,2468,3391,1684,3308
2023-01-07,2885,3456,1590,3585
2023-01-08,3019,4135,2949,4410
2023-01-09,3403,4203,2286,3384
2023-01-10,3419,4169,2533,3931
2023-01-11,3777,4088,2732,4596
2023-01-12,3769,4270,2686,4797
2023-01-13,3834,4362,3286,5093
2023-01-14,3548,3969,3075,5448
2023-01-15,3469,3799,3631,6205
2023-01-16,3389,3432,2934,4649
2023-01-17,3476,3125,2870,4633
2023-01-18,3984,3744,2837,4046
2023-01-19,4444,4389,2393,3684
2023-01-20,4068,5256,1913,2809
2023-01-21,2435,5535,1036,2422
2023-01-22,3126,4307,1484,2934
2023-01-23,4214,4380,1810,2898
2023-01-24,3690,4251,2219,4172
2023-01-25,2938,3305,2668,3704
2023-01-26,3869,4224,3511,3986
2023-01-27,2955,3898,4291,4348
2023-01-28,2225,3008,3715,4938
2023-01-29,1582,2481,4058,5617
2023-01-30,2883,3382,3244,3733
2023-01-31,2933,3577,3203,3547
2023-02-01,3951,4675,3230,3012
2023-02-02,5118,5619,3203,3180
2023-02-03,4576,6473,3651,3724
2023-02-04,4583,5697,3405,3957
2023-02-05,3859,5410,3598,5739
2023-02-06,4946,6154,3686,4586
2023-02-07,4539,5653,3598,4811
2023-02-08,4953,6021,3978,4614
2023-02-09,5226,7014,3904,4593
2023-02-10,4865,7265,4472,5570
2023-02-11,4650,6667,4234,5723
2023-02-12,4288,6717,4720,7800
2023-02-13,5122,6676,4093,6160
2023-02-14,4309,6452,3926,5614
2023-02-15,4821,7383,4397,5550
2023-02-16,5449,7430,4072,5573
2023-02-17,5341,7799,4603,6906
2023-02-18,4827,6912,4320,6808
2023-02-19,5012,7128,5504,8721
2023-02-20,5555,7588,4602,6803
2023-02-21,4814,6700,4612,6128
2023-02-22,5418,7954,4808,6600
2023-02-23,6026,9170,4799,6212
2023-02-24,5544,10054,5311,7216
2023-02-25,5346,10473,5137,7588
2023-02-26,5086,8471,6027,10098
2023-02-27,5321,9668,5112,9084
2023-02-28,5373,9930,5381,9603
2023-03-01,5536,10681,5106,7668
2023-03-02,6010,9617,5031,6360
2023-03-03,6097,9665,5456,7568
2023-03-04,5326,8161,5066,8719
2023-03-05,5639,7508,5579,12729
2023-03-06,5899,7924,5137,11805
2023-03-07,5490,7296,5253,9613
2023-03-08,6068,7892,5217,7791
2023-03-09,6956,9029,5021,7144
2023-03-10,6780,9504,5884,8074
2023-03-11,6105,8714,5511,7808
2023-03-12,5950,8402,6978,10347
2023-03-13,6847,8605,5768,8439
2023-03-14,5517,7592,5360,7364
2023-03-15,6784,8653,5849,7569
2023-03-16,7337,9439,5224,7662
2023-03-17,7706,10661,6150,8679
2023-03-18,6731,9777,5569,8509
2023-03-19,6934,9626,6715,11008
2023-03-20,7708,9943,5980,8466
2023-03-21,6826,8892,5556,8808
2023-03-22,7537,9405,5553,8322
2023-03-23,7993,10153,5491,8390
2023-03-24,8532,10183,6429,9468
2023-03-25,7074,8458,6388,9564
2023-03-26,7758,9221,8545,12243
2023-03-27,7454,9445,6639,10259
2023-03-28,6594,7599,6426,8948
2023-03-29,6851,9820,5504,10131
2023-03-30,7936,9672,5335,8650
2023-03-31,8068,11162,4640,6930
2023-04-01,7497,12238,3696,6133
2023-04-02,6101,10358,5536,9270
2023-04-03,5598,8827,4536,10036
2023-04-04,4975,9046,3734,7107
2023-04-05,6386,11184,3489,7124
2023-04-06,5516,12707,3370,7211
2023-04-07,5401,11774,4187,8081
2023-04-08,4777,8523,4935,10075
2023-04-09,3770,7061,7025,13112
2023-04-10,3499,5143,4959,11284
2023-04-11,4912,8422,4674,9068
2023-04-12,5086,13008,4604,9201
2023-04-13,6152,11956,4774,7444
2023-04-14,6142,11124,6439,9099
2023-04-15,5257,8455,6475,10417
2023-04-16,5666,8401,7818,12355
2023-04-17,8233,11696,6266,9126
2023-04-18,7425,12658,5888,8620
2023-04-19,7128,13218,5843,9151
2023-04-20,7472,14328,6320,10495
2023-04-21,7272,14676,6734,12037
2023-04-22,6743,12337,6883,12780
2023-04-23,7717,12055,7053,14928
2023-04-24,7549,11171,5541,12126
2023-04-25,7722,9146,6213,12788
2023-04-26,8106,10938,7176,13638
2023-04-27,9994,11568,9467,12242
2023-04-28,11095,14462,12030,11397
2023-04-29,12068,15082,13292,11190
2023-04-30,9444,10032,9184,13214
2023-05-01,7340,7966,7776,16127
2023-05-02,8947,8618,9974,11928
2023-05-03,13733,11080,10803,9811
2023-05-04,11613,12063,7694,8460
2023-05-05,8908,11971,6145,9834
2023-05-06,7992,9535,6882,11076
2023-05-07,9280,10247,7596,14718
2023-05-08,7790,10602,6004,9948
2023-05-09,7557,9850,5757,9279
2023-05-10,7888,10134,5383,8180
2023-05-11,8999,10380,6400,8335
2023-05-12,8846,10884,7100,10157
2023-05-13,8234,9533,6339,10163
2023-05-14,8169,9532,8482,12107
2023-05-15,8461,10401,7178,9695
2023-05-16,7014,9533,6419,9201
2023-05-17,7088,10440,6194,8890
2023-05-18,9009,11145,6019,8685
2023-05-19,8387,12150,6688,9718
2023-05-20,7296,10067,5926,10577
2023-05-21,7099,9639,7398,12970
2023-05-22,7632,9118,6100,10906
2023-05-23,6927,9121,5664,10260
2023-05-24,6923,10174,5194,8428
2023-05-25,7684,11680,5103,7412
2023-05-26,7582,13112,6043,8862
2023-05-27,7254,10775,5702,10122
2023-05-28,5769,7901,6877,13022
2023-05-29,6933,8127,5954,12035
2023-05-30,6100,8652,5730,10066
2023-05-31,6068,9872,5389,8800
2023-06-01,7179,12366,4705,7603
2023-06-02,7106,13998,5424,9255
2023-06-03,6874,13837,5541,9433
2023-06-04,6524,11167,6399,13374
2023-06-05,7599,11046,5146,13630
2023-06-06,6600,9998,5311,12450
2023-06-07,7091,11169,5207,9693
2023-06-08,7703,12527,5372,9277
2023-06-09,7803,13943,6098,10118
2023-06-10,7774,12839,6240,10075
2023-06-11,7341,12122,7718,13754
2023-06-12,7833,11688,6231,13239
2023-06-13,6629,9941,5807,11986
2023-06-14,7680,11245,5480,10755
2023-06-15,8208,11798,5879,9999
2023-06-16,9457,12892,6743,11165
2023-06-17,9761,12059,6931,10568
2023-06-18,8100,10717,8248,14259
2023-06-19,8348,11303,7566,12311
2023-06-20,8073,11271,6787,10960
2023-06-21,9892,14279,6129,8592
2023-06-22,9776,15370,5869,8749
2023-06-23,8567,13386,7173,10123
2023-06-24,9188,11404,8601,12818
2023-06-25,7442,9427,7490,17651
2023-06-26,8718,11008,6562,14260
2023-06-27,8886,11190,6352,11509
2023-06-28,8692,12824,6265,10172
2023-06-29,9424,13501,6436,10719
2023-06-30,9113,11626,6979,10231
2023-07-01,8809,12864,7453,11359
2023-07-02,7609,10814,8115,14435
2023-07-03,8419,11053,7455,11928
2023-07-04,8203,10995,7395,11472
2023-07-05,8657,11581,7675,10504
2023-07-06,9347,12582,7631,11112
2023-07-07,8720,12305,9063,10999
2023-07-08,9083,11511,9264,11348
2023-07-09,8536,11044,9977,13918
2023-07-10,9022,11655,9019,12184
2023-07-11,8229,10344,8807,11464
2023-07-12,8736,11071,8276,10703
2023-07-13,9198,11504,7735,10374
2023-07-14,9066,12584,8361,10589
2023-07-15,9923,12772,8380,10261
2023-07-16,9280,10405,9127,12684
2023-07-17,8819,10865,7727,11969
2023-07-18,8774,10480,8707,11337
2023-07-19,8916,10499,7497,10591
2023-07-20,9971,10898,7484,9224
2023-07-21,9988,11401,7923,10215
2023-07-22,10386,10464,8344,10150
2023-07-23,9401,9435,9455,12294
2023-07-24,9695,10416,8660,10691
2023-07-25,9287,9728,8796,10767
2023-07-26,9293,10491,8382,9538
2023-07-27,9833,12120,8257,9629
2023-07-28,9267,13056,8500,10523
2023-07-29,9451,11623,9384,11267
2023-07-30,8816,9546,9386,14231
2023-07-31,8880,9336,8729,12906
2023-08-01,9363,9717,8500,11304
2023-08-02,10230,10866,8275,10360
2023-08-03,10845,11374,9112,9425
2023-08-04,10668,11934,9204,10198
2023-08-05,10593,11440,9868,10901
2023-08-06,9750,9670,10743,12863
2023-08-07,10492,9731,9379,10943
2023-08-08,9509,9675,9586,10361
2023-08-09,9825,11349,9022,10091
2023-08-10,11093,12789,9647,9768
2023-08-11,10503,13957,9999,10314
2023-08-12,10594,12990,10339,11356
2023-08-13,9604,9714,10702,13740
2023-08-14,10404,10705,9600,14355
2023-08-15,10015,9506,9789,12579
2023-08-16,11043,12109,9528,11484
2023-08-17,11794,12626,9676,9710
2023-08-18,10577,12511,10190,9864
2023-08-19,10866,11507,10514,12007
2023-08-20,10074,9790,10887,13026
2023-08-21,10869,10913,8882,11879
2023-08-22,10399,9763,9218,10434
2023-08-23,10355,10674,8842,9319
2023-08-24,11433,12802,8863,9490
2023-08-25,9972,13375,9423,9963
2023-08-26,9833,12254,10056,10431
2023-08-27,8331,9741,10309,13422
2023-08-28,8035,10346,8776,13775
2023-08-29,6805,8721,9072,11287
2023-08-30,6387,9328,8119,9800
2023-08-31,6968,11895,9052,10421
2023-09-01,1995,4885,2236,3133
2023-09-02,3888,9621,4108,8726
2023-09-03,7534,13640,8181,13679
2023-09-04,7747,13562,6028,10505
2023-09-05,6815,13623,5736,9377
2023-09-06,6115,11619,6173,9454
2023-09-07,7126,11938,6151,10189
2023-09-08,7171,12085,7223,12607
2023-09-09,6573,11913,6404,14166
2023-09-10,6525,11039,8124,14915
2023-09-11,7877,11036,6198,11450
2023-09-12,6425,9724,6058,10092
2023-09-13,6493,10696,6017,9322
2023-09-14,7057,12973,6456,9851
2023-09-15,7155,15124,7420,10747
2023-09-16,7078,16508,6354,10908
2023-09-17,7695,15366,8470,14621
2023-09-18,7913,14272,6570,13179
2023-09-19,6900,14344,6456,11719
2023-09-20,7262,13153,6597,9960
2023-09-21,7992,13948,6946,11327
2023-09-22,7345,13334,8365,13291
2023-09-23,8117,12530,8882,16443
2023-09-24,7542,10495,9530,18615
2023-09-25,7169,9588,7844,15913
2023-09-26,6603,8742,11579,13541
2023-09-27,7895,10780,14471,11879
2023-09-28,9367,14146,18098,12176
2023-09-29,10744,13086,16384,9648
2023-09-30,10952,11050,14472,11537
2023-10-01,9691,8106,13546,15188
2023-10-02,6836,7024,12966,13221
2023-10-03,10669,8509,12166,11382
2023-10-04,17404,11104,11628,8668
2023-10-05,24805,11780,10906,7739
2023-10-06,26785,14254,9773,7973
2023-10-07,17238,17340,7292,8191
2023-10-08,11925,14809,5258,9891
2023-10-09,11694,14644,5549,14075
2023-10-10,8040,14020,4842,14863
2023-10-11,7046,15813,4383,10486
2023-10-12,7395,18705,4985,10554
2023-10-13,6743,18944,5052,11168
2023-10-14,6629,17547,5824,13902
2023-10-15,6516,15586,7004,17844
2023-10-16,6600,14823,5374,14935
2023-10-17,5746,12906,5010,13548
2023-10-18,6517,14328,4962,13611
2023-10-19,7090,17346,5093,14025
2023-10-20,7098,18230,4964,12620
2023-10-21,6721,17891,4901,13504
2023-10-22,5575,14273,6599,17043
2023-10-23,5883,11442,5656,17347
2023-10-24,5664,12568,5211,15264
2023-10-25,6966,15500,4988,12873
2023-10-26,7690,18806,6805,13563
2023-10-27,6742,19482,6101,14880
2023-10-28,5938,16184,5916,16099
2023-10-29,6017,14850,7239,20158
2023-10-30,6698,15793,6513,17500
2023-10-31,5553,14692,5628,15994
2023-11-01,5839,17420,4879,14241
2023-11-02,6801,19381,5027,15547
2023-11-03,6921,18777,5893,16105
2023-11-04,5958,15954,5776,18331
2023-11-05,6009,14095,7334,22667
2023-11-06,6692,14944,5890,18384
2023-11-07,6080,14140,5097,15157
2023-11-08,6844,15675,5180,13614
2023-11-09,6779,17934,4936,13345
2023-11-10,7481,19469,6167,14719
2023-11-11,6642,18569,6445,16021
2023-11-12,7066,16238,7634,20297
2023-11-13,7737,18942,5925,17591
2023-11-14,6992,18959,5105,15605
2023-11-15,6562,17420,5471,14468
2023-11-16,7020,18940,6421,15960
2023-11-17,8040,19920,7008,18924
2023-11-18,7504,18461,6095,20930
2023-11-19,7661,15264,7773,22397
2023-11-20,7878,15598,6062,18836
2023-11-21,6607,14224,5864,16508
2023-11-22,7116,17692,5876,14787
2023-11-23,8120,22123,7017,14453
2023-11-24,8851,20132,6261,15203
2023-11-25,7133,19258,6725,18332
2023-11-26,7030,16198,8586,24336
2023-11-27,6978,15558,6497,20235
2023-11-28,6618,14297,5692,17225
2023-11-29,7285,16034,5328,15607
2023-11-30,8596,18331,6086,16119
2023-12-01,9150,19585,6793,14458
2023-12-02,7615,19047,6647,16256
2023-12-03,7089,16202,8918,21124
2023-12-04,7099,16063,6762,17674
2023-12-05,6301,15548,6068,18099
2023-12-06,7487,16217,6029,15296
2023-12-07,8038,19887,6265,15403
2023-12-08,8177,21979,6688,15539
2023-12-09,7858,20223,6509,18217
2023-12-10,9091,16100,8147,23016
2023-12-11,8245,14828,6283,20773
2023-12-12,7023,13653,5793,17893
2023-12-13,8516,15125,5880,15201
2023-12-14,9593,17832,6646,14658
2023-12-15,10080,19679,7203,14204
2023-12-16,9466,20593,6747,15017
2023-12-17,8924,17271,9002,19672
2023-12-18,8959,16624,7299,18390
2023-12-19,7482,14126,6612,18754
2023-12-20,7843,16123,6032,17197
2023-12-21,8892,19119,5639,13931
2023-12-22,10671,23867,4497,11459
2023-12-23,10697,27555,4123,11604
2023-12-24,7331,22560,6719,14920
2023-12-25,6998,20491,6654,17880
2023-12-26,5423,18787,7091,20035
2023-12-27,6525,20488,6023,19592
2023-12-28,7272,22689,6340,18839
2023-12-29,9403,25708,8070,19384
2023-12-30,8817,24382,7546,21857
2023-12-31,4912,14493,5862,19225
2024-01-01,4851,10011,11546,30575
2024-01-02,6715,13580,7870,27863
2024-01-03,7505,16242,6400,22206
2024-01-04,6704,17216,5186,16894
2024-01-05,7050,17919,6348,16889
2024-01-06,7237,16273,6035,18362
2024-01-07,7287,14987,8645,21244
2024-01-08,7256,16265,6832,17871
2024-01-09,5995,14655,6280,15204
2024-01-10,6741,15272,6549,15198
2024-01-11,7499,16891,6574,15241
2024-01-12,8960,17735,7510,17099
2024-01-13,8390,17994,7021,15709
2024-01-14,8248,16421,9676,20798
2024-01-15,9368,16505,7710,16582
2024-01-16,8093,15456,7356,16245
2024-01-17,9221,16488,7451,14819
2024-01-18,9047,18415,7703,14516
2024-01-19,11114,20191,9014,16351
2024-01-20,11701,18384,9997,16940
2024-01-21,11386,16040,12401,21758
2024-01-22,11228,16100,10873,18343
2024-01-23,11229,15154,10875,16499
2024-01-24,11189,16145,11122,15365
2024-01-25,11639,19263,11302,15163
2024-01-26,12240,20472,12719,16624
2024-01-27,14187,17753,13492,17588
2024-01-28,13870,14748,14526,23558
2024-01-29,14146,13733,12354,19378
2024-01-30,13190,11701,13385,17708
2024-01-31,13281,12477,14432,16116
2024-02-01,14040,16160,15274,13946
2024-02-02,13773,15503,16281,15089
2024-02-03,15056,14602,15829,15692
2024-02-04,15129,11621,15615,20260
2024-02-05,14846,9840,16750,16177
2024-02-06,15618,9118,15615,13812
2024-02-07,17138,12223,11561,10981
2024-02-08,17444,16448,9516,9205
2024-02-09,13191,17586,5942,6781
2024-02-10,15127,17116,7223,7481
2024-02-11,17937,13100,10866,11911
2024-02-12,17682,10993,12898,15258
2024-02-13,12699,8336,14318,15111
2024-02-14,14947,10141,15187,14298
2024-02-15,17636,12223,15004,12165
2024-02-16,17689,12528,14913,11039
2024-02-17,13446,10800,13418,12065
2024-02-18,9532,10526,12544,13949
2024-02-19,15547,13852,10541,9612
