,date,AutoiTransformer,AutoAutoformer,AutoPatchTST,AutoLSTM,AutoInformer
0,2024-02-01,14533.653554287506,6107.19140625,7266.8271484375,10928.6015625,7834.709611891405
1,2024-02-02,16879.32572769138,7380.84765625,8439.6630859375,12864.912109375,8582.100669221929
2,2024-02-03,15717.14708952533,8990.31640625,7858.57373046875,13617.796875,9755.81748296986
3,2024-02-04,15033.628276515286,10379.6318359375,7516.814453125,13819.716796875,10611.197078524478
4,2024-02-05,14551.035388382676,8945.70703125,7275.51806640625,12691.4921875,9678.860094414576
5,2024-02-06,13570.670077370945,7804.70654296875,6785.3359375,11507.0400390625,8971.293977192166
6,2024-02-07,13252.610226492863,7262.638671875,6626.30615234375,11498.80859375,8743.083916272823
7,2024-02-08,12555.58853166274,7785.7392578125,6277.79443359375,13113.3251953125,9504.18387028394
8,2024-02-09,13079.887024143507,9079.6640625,6539.943359375,14059.849609375,10303.600955922311
9,2024-02-10,11866.857014478534,10891.828125,5933.427734375,13848.689453125,11355.322708222775
10,2024-02-11,12064.05186001584,11081.037109375,6032.025390625,12881.763671875,11187.878826051718
11,2024-02-12,10744.450539332931,10212.2431640625,5372.22509765625,13018.107421875,10986.236599314529
12,2024-02-13,10535.556236022996,9334.9169921875,5267.7783203125,12356.8330078125,10414.144485042563
13,2024-02-14,13056.193804372102,8855.056640625,6528.09765625,13500.4404296875,10066.1464619732
14,2024-02-15,15202.831541239517,8647.2177734375,7601.4169921875,14960.037109375,9991.606354083997
15,2024-02-16,17307.485665909713,9493.728515625,8653.744140625,16800.18359375,10523.038332173179
16,2024-02-17,16858.865590871777,11542.7421875,8429.43359375,18062.125,11950.85302153576
17,2024-02-18,15058.380812685238,11675.484375,7529.19140625,17920.216796875,12253.544564418393
18,2024-02-19,13171.21465661074,10559.78515625,6585.60791015625,16851.599609375,11734.50543669994
19,2024-02-20,12525.721443819391,9595.181640625,6262.86083984375,15025.818359375,10883.620802281912
20,2024-02-21,12958.828943187662,8866.87890625,6479.4140625,15012.9619140625,10466.626799714813
21,2024-02-22,15326.822420552751,8590.3818359375,7663.4111328125,15384.060546875,10035.376679935422
22,2024-02-23,16927.79736018204,10217.24609375,8463.8984375,16274.462890625,10818.571076020555
23,2024-02-24,15802.622080447618,12906.271484375,7901.310546875,17005.076171875,12526.77483940826
24,2024-02-25,13817.687444359173,13929.51171875,6908.84375,16730.806640625,13282.702158870155
25,2024-02-26,12913.076009271259,12702.509765625,6456.53759765625,15583.5263671875,12524.630004853436
26,2024-02-27,13234.187234547571,11654.0087890625,6617.0927734375,15586.3427734375,11952.65581149108
27,2024-02-28,14421.602849891176,11097.21875,7210.80029296875,17147.82421875,11873.20816315517
28,2024-02-29,16296.799598731566,11171.0439453125,8148.3984375,19383.619140625,12184.554909222206
29,2024-03-01,14581.612236616551,12732.3291015625,7290.80517578125,18711.01953125,13064.897015937131
30,2024-03-02,13303.708942102734,14129.98828125,6651.85400390625,18480.314453125,13906.341408072534
31,2024-03-03,10700.275565435993,14160.8515625,5350.13720703125,17368.2890625,14051.269528990517
32,2024-03-04,9162.873243065449,12986.884765625,4581.4365234375,15485.6953125,13232.067895343196
33,2024-03-05,10834.255733319558,11592.1435546875,5417.12841796875,14685.67578125,12076.891167434223
34,2024-03-06,12738.899395838482,10782.0537109375,6369.44970703125,15460.984375,11562.986117918957
35,2024-03-07,14602.50267060689,10153.2099609375,7301.2509765625,17269.93359375,11423.201220452615
36,2024-03-08,15208.807298590837,10366.03125,7604.40380859375,18871.876953125,11834.646391523984
37,2024-03-09,13100.467674399166,11414.6171875,6550.23388671875,19641.130859375,12854.166186782579
38,2024-03-10,12068.712843011774,12650.119140625,6034.35595703125,19512.857421875,13600.51596962084
39,2024-03-11,12005.23959964991,11898.76953125,6002.61962890625,18217.734375,12907.696560661345
40,2024-03-12,15579.959426149493,11149.83984375,7789.98046875,17095.4921875,11700.998025077439
41,2024-03-13,17751.082250391715,10327.4638671875,8875.5419921875,16916.86328125,10894.529805102335
42,2024-03-14,17525.12042220059,10420.6279296875,8762.560546875,18077.623046875,11263.646793395983
43,2024-03-15,17615.73556085513,12036.5244140625,8807.8671875,18558.8828125,12180.278830386538
44,2024-03-16,16341.432737757917,13670.2666015625,8170.71533203125,18271.962890625,13149.3308184575
45,2024-03-17,15677.587590635289,14275.2587890625,7838.79248046875,18276.443359375,13529.550257664087
46,2024-03-18,13459.743864379358,13262.6357421875,6729.869140625,17752.046875,13234.427664100745
47,2024-03-19,12244.146510582883,11631.431640625,6122.07080078125,16314.5302734375,12253.154749724694
48,2024-03-20,12980.642088468652,10551.455078125,6490.31884765625,16657.384765625,11678.8458864883
49,2024-03-21,14967.977672231384,9669.61328125,7483.98779296875,18397.544921875,11361.199895685131
50,2024-03-22,16225.803167773614,10273.16015625,8112.9013671875,20876.505859375,12084.364725866666
51,2024-03-23,17264.72592951369,11827.0546875,8632.36328125,21707.8984375,12907.782955598996
52,2024-03-24,17195.576239565853,13102.712890625,8597.7890625,21776.138671875,13574.430529300153
53,2024-03-25,16180.653476792388,11038.5869140625,8090.328125,20681.38671875,12428.384858355334
54,2024-03-26,15977.785717419581,9718.603515625,7988.89404296875,20281.771484375,11691.310289067813
55,2024-03-27,15589.723893828399,8910.3134765625,7794.8623046875,20177.986328125,11321.325207407175
56,2024-03-28,15248.883057850879,8477.134765625,7624.4404296875,20330.375,11192.267349016241
57,2024-03-29,14170.800406230846,8869.6240234375,7085.39892578125,20395.30078125,11554.333963138357
58,2024-03-30,13462.948510841,9785.9853515625,6731.47216796875,19865.826171875,11988.632792645047
59,2024-03-31,14699.468477722723,9874.056640625,7349.73193359375,18589.701171875,11526.754964382068
60,2024-02-01,1947.4031880765688,1542.0179443359375,973.7019653320312,1262.833251953125,5560.690153120653
61,2024-02-02,2445.135786285129,1675.2640380859375,1222.568115234375,1509.2447509765625,5607.845916109136
62,2024-02-03,2274.9595895253296,1555.451416015625,1137.47998046875,1676.4781494140625,5615.943390867809
63,2024-02-04,2170.5462452652864,1429.0328369140625,1085.2734375,1964.1497802734375,5640.532199679263
64,2024-02-05,2056.5532106483006,1422.2568359375,1028.2769775390625,1881.9482421875,5639.119348870143
65,2024-02-06,1853.8791838162579,1614.3980712890625,926.9404907226562,1740.482421875,5732.4790930063755
66,2024-02-07,1742.9056366491131,2055.67041015625,871.453857421875,1747.3428955078125,5969.5665670296585
67,2024-02-08,1700.9426576393016,2070.2353515625,850.4714965820312,1836.64990234375,6006.312978712895
68,2024-02-09,1877.584045627882,2024.540771484375,938.7918701171875,1904.08642578125,5974.519260365671
69,2024-02-10,1658.122273267596,1921.7257080078125,829.0603637695312,1782.362060546875,5920.664997193722
70,2024-02-11,1724.5646773986518,1831.99853515625,862.2817993164062,1721.189697265625,5848.672164827352
71,2024-02-12,1621.640480739181,1764.3753662109375,810.820068359375,1676.6614990234375,5819.419338572341
72,2024-02-13,1455.231528991746,1582.4095458984375,727.615966796875,1589.86767578125,5732.468688533774
73,2024-02-14,1973.898150075227,1452.404052734375,986.9498291015625,1632.5537109375,5596.972092161188
74,2024-02-15,2281.520506083267,1427.7415771484375,1140.761474609375,1804.60986328125,5579.4639438056765
75,2024-02-16,2651.145822159713,1479.693115234375,1325.57421875,2023.5633544921875,5597.616892048667
76,2024-02-17,2677.6529443874024,1517.7757568359375,1338.8272705078125,2069.9404296875,5626.604295644647
77,2024-02-18,2409.581740419613,1587.1312255859375,1204.7918701171875,1929.1507568359375,5666.197335414487
78,2024-02-19,2004.5548665716778,1523.633544921875,1002.2780151367188,1721.880126953125,5644.548828881336
79,2024-02-20,1798.7966391318914,1476.45703125,899.3984375,1614.52490234375,5625.777738927419
80,2024-02-21,1917.3954715079744,1497.1339111328125,958.6973266601562,1681.435302734375,5635.351718080292
81,2024-02-22,2255.4471764121263,1647.438232421875,1127.7235107421875,1720.9918212890625,5666.460549869504
82,2024-02-23,2512.8186004164163,1856.480712890625,1256.4090576171875,1789.343505859375,5749.041702851609
83,2024-02-24,2233.804941775743,1955.03759765625,1116.9019775390625,1864.2877197265625,5859.254468924861
84,2024-02-25,2005.6178642810482,1945.00341796875,1002.8089599609375,1823.675537109375,5880.111620845253
85,2024-02-26,1753.9357504821965,1952.875,876.9674682617188,1730.2789306640625,5900.075801819989
86,2024-02-27,1783.1363312272588,2124.63525390625,891.5673217773438,1752.1650390625,6007.42457598693
87,2024-02-28,2065.1555842661764,2274.82421875,1032.57666015625,1906.001220703125,6078.750300301166
88,2024-02-29,2392.386268653441,2180.2529296875,1196.1917724609375,1986.2208251953125,5991.240997784218
89,2024-03-01,2181.941094038426,2285.004150390625,1090.9696044921875,1955.376220703125,6069.025975592893
90,2024-03-02,1951.744098352734,2271.6455078125,975.87158203125,2001.543212890625,6103.00724822146
91,2024-03-03,1364.3458779359935,2180.66650390625,682.17236328125,1839.8720703125,6107.859044676552
92,2024-03-04,1019.8957040029491,1960.529296875,509.94775390625,1653.038330078125,5994.063638141049
93,2024-03-05,1445.6812704289332,1620.4053955078125,722.8411865234375,1608.080322265625,5744.561196120747
94,2024-03-06,1721.6309632212942,1506.0562744140625,860.8154907226562,1679.630615234375,5664.0258174734
95,2024-03-07,2054.1413424818893,1506.696044921875,1027.0703125,1857.3043212890625,5661.904894769021
96,2024-03-08,2163.1019763252116,1595.9185791015625,1081.5511474609375,2072.380859375,5743.175406111386
97,2024-03-09,1828.1598130710408,1613.56982421875,914.0799560546875,2131.040771484375,5813.578807327012
98,2024-03-10,1681.4210949648987,1637.677490234375,840.7100830078125,2129.13232421875,5847.027451859609
99,2024-03-11,1664.9328369545983,1693.4608154296875,832.4662475585938,2011.1224365234375,5850.257263938933
100,2024-03-12,2124.693801149493,1723.8375244140625,1062.34765625,1894.593505859375,5762.5194331584935
101,2024-03-13,2474.330785547965,1765.5867919921875,1237.166259765625,1878.4990234375,5722.864300646768
102,2024-03-14,2530.186828450591,1929.903564453125,1265.09375,2017.99462890625,5831.170589477526
103,2024-03-15,2363.3307756988797,2159.325439453125,1181.664794921875,2120.811279296875,5998.827505923648
104,2024-03-16,2230.5716537735425,2326.0361328125,1115.2847900390625,2170.1845703125,6113.876930518047
105,2024-03-17,2057.8856863384135,2340.490478515625,1028.9415283203125,2146.614013671875,6142.244776707055
106,2024-03-18,1859.6142257074825,2309.731689453125,929.8043212890625,2124.699462890625,6151.61695700846
107,2024-03-19,1764.8651385125704,2364.981689453125,882.4301147460938,2018.1595458984375,6166.810232970543
108,2024-03-20,1769.8269029217772,2376.53466796875,884.9112548828125,2028.555419921875,6173.957084913593
109,2024-03-21,2228.2086292626336,2251.408447265625,1114.103271484375,2048.52392578125,6043.626851861889
110,2024-03-22,2400.7323669923644,2165.492919921875,1200.365966796875,2227.92138671875,6017.009531774869
111,2024-03-23,2828.83139826369,2130.372314453125,1414.416015625,2246.084716796875,5935.993771028683
112,2024-03-24,3150.006415347103,2200.1591796875,1575.004150390625,2249.708251953125,5920.624651614606
113,2024-03-25,2969.5524025736377,1889.29345703125,1484.777587890625,2183.3720703125,5776.277619585802
114,2024-03-26,2574.2866939820815,1624.276123046875,1287.14453125,2139.40185546875,5694.1283280082425
115,2024-03-27,2433.597917265899,1562.6646728515625,1216.79931640625,2161.248779296875,5693.948025400339
116,2024-03-28,2248.6503918352537,1655.345703125,1124.3240966796875,2098.259033203125,5749.159095537238
117,2024-03-29,1975.9141757620964,1808.011474609375,987.955810546875,2044.2420654296875,5852.464593631521
118,2024-03-30,2141.164087012876,2013.0047607421875,1070.5799560546875,2017.275390625,5919.35385435159
119,2024-03-31,2461.145479675848,1900.2767333984375,1230.5704345703125,1862.2879638671875,5775.47685006322
120,2024-02-01,3588.6249898343813,1150.5987548828125,1794.3128662109375,2153.04736328125,5287.510583876268
121,2024-02-02,3782.719038238254,1576.24853515625,1891.3597412109375,2292.522216796875,5503.298308687261
122,2024-02-03,3482.0357614003296,1581.918212890625,1741.01806640625,2364.848876953125,5571.732155821423
123,2024-02-04,3224.9786183121614,1473.17041015625,1612.4896240234375,2476.82568359375,5585.615009127505
124,2024-02-05,3200.1230348670506,1370.281982421875,1600.0618896484375,2526.18310546875,5549.794077263698
125,2024-02-06,3290.4188566678204,1042.3143310546875,1645.2103271484375,2506.98974609375,5359.606225422147
126,2024-02-07,3405.998898367863,1038.58642578125,1703.00048828125,2537.8291015625,5343.3590627571975
127,2024-02-08,3243.885406662739,1392.4364013671875,1621.94287109375,2699.2890625,5592.108369795658
128,2024-02-09,3296.243957737257,1883.253662109375,1648.121826171875,2588.19140625,5800.141254384225
129,2024-02-10,3042.9756668222835,1924.718505859375,1521.487060546875,2486.484130859375,5840.582092378048
130,2024-02-11,2691.3445846252143,1793.066162109375,1345.6717529296875,2368.692626953125,5803.718463808065
131,2024-02-12,2440.050636989181,1675.794677734375,1220.025146484375,2386.482421875,5787.6482051494895
132,2024-02-13,2743.761558288621,1495.1746826171875,1371.8809814453125,2373.402099609375,5646.546912715903
133,2024-02-14,3345.443316090852,1529.902587890625,1672.722412109375,2512.060791015625,5604.708397398004
134,2024-02-15,3639.601560770767,1783.860595703125,1819.802001953125,2693.080078125,5731.0679324531375
135,2024-02-16,4062.153634659713,1961.2646484375,2031.078125,2728.05908203125,5757.148042866538
136,2024-02-17,3826.4393213405274,2024.7900390625,1913.220458984375,2637.05322265625,5808.035287771112
137,2024-02-18,3362.701613466488,1933.5374755859375,1681.351806640625,2501.0751953125,5795.598214320737
138,2024-02-19,2909.4402425482403,1812.210693359375,1454.720703125,2466.159423828125,5804.693455498767
139,2024-02-20,2807.3540121787664,1491.369140625,1403.6771240234375,2487.48876953125,5662.35462033611
140,2024-02-21,2950.434411937662,1337.8426513671875,1475.216796875,2540.774658203125,5578.119597566376
141,2024-02-22,3652.0294518027513,1492.3955078125,1826.0146484375,2573.353515625,5549.519151248898
142,2024-02-23,3804.1203582289163,1952.8310546875,1902.0599365234375,2614.424560546875,5770.462761506395
143,2024-02-24,3576.800791385118,2143.974609375,1788.39990234375,2618.802734375,5904.191541678767
144,2024-02-25,3362.5868584216732,1952.73193359375,1681.29345703125,2696.15087890625,5862.435007991249
145,2024-02-26,3202.865071771259,1775.1502685546875,1601.43212890625,2690.6591796875,5797.521301240155
146,2024-02-27,3485.6218048600713,1562.11962890625,1742.81005859375,2912.848388671875,5712.582699003287
147,2024-02-28,3837.1651057505514,1552.170166015625,1918.5814208984375,3148.80029296875,5706.326060188861
148,2024-02-29,4144.396766700316,1920.5826416015625,2072.197021484375,3195.66845703125,5850.28466080912
149,2024-03-01,3935.403008100926,2209.013427734375,1967.7005615234375,2993.756103515625,5976.726521857541
150,2024-03-02,3589.645221399609,2215.9765625,1794.8221435546875,2774.1669921875,5979.499832449976
151,2024-03-03,2713.9474404359935,2089.796142578125,1356.97314453125,2610.6767578125,6012.135617857704
152,2024-03-04,2727.226514549824,1948.38671875,1363.6131591796875,2588.518310546875,5941.701966693295
153,2024-03-05,3146.762080975808,1620.3917236328125,1573.381591796875,2680.535888671875,5726.773934157856
154,2024-03-06,3503.7626770884817,1413.278076171875,1751.88134765625,2900.3310546875,5622.168857176769
155,2024-03-07,3923.1096042006393,1492.359130859375,1961.554443359375,3205.918701171875,5672.449419915505
156,2024-03-08,3802.9908923408366,1802.312255859375,1901.49560546875,3247.33447265625,5856.463057173398
157,2024-03-09,3323.307518149166,1983.385986328125,1661.65380859375,3256.194091796875,6018.646975967149
158,2024-03-10,2931.7272473086487,1941.796142578125,1465.8631591796875,3286.359375,6058.246156083242
159,2024-03-11,3089.913916056161,1800.6064453125,1544.956787109375,3199.83203125,5941.153134147673
160,2024-03-12,4076.190871461993,1564.593505859375,2038.09619140625,3213.359619140625,5671.4374019084935
161,2024-03-13,4795.388402735465,1490.5474853515625,2397.695068359375,3275.482177734375,5539.1403550290925
162,2024-03-14,5065.783019856841,1726.6904296875,2532.891845703125,3446.99267578125,5657.345356018053
163,2024-03-15,5250.55782648013,2087.966796875,2625.2783203125,3344.772216796875,5786.067465640444
164,2024-03-16,4900.4068588516675,2205.152587890625,2450.202392578125,3329.41552734375,5894.903343481914
165,2024-03-17,4737.0402273540385,2121.219970703125,2368.518798828125,3315.886962890625,5874.995890598657
166,2024-03-18,4274.084196410608,1944.980712890625,2137.039306640625,3419.20556640625,5884.972143470863
167,2024-03-19,3919.848659020383,1709.804443359375,1959.921875,3351.0224609375,5806.3743999932485
168,2024-03-20,4150.099607999902,1456.23193359375,2075.047607421875,3462.82080078125,5671.503402967792
169,2024-03-21,4383.005015981384,1545.699951171875,2191.50146484375,3495.02734375,5687.843587701733
170,2024-03-22,4483.493109179864,1890.0604248046875,2241.746337890625,3532.032470703125,5853.2903697875645
171,2024-03-23,4543.50913263869,2059.021484375,2271.7548828125,3452.71240234375,5908.689526033566
172,2024-03-24,4431.653876284603,1956.407958984375,2215.827880859375,3379.18994140625,5856.146639529645
173,2024-03-25,4267.133945542388,1814.4381103515625,2133.568359375,3454.0419921875,5829.993943438341
174,2024-03-26,4675.8003658570815,1618.8341064453125,2337.9013671875,3445.56884765625,5666.1969162650785
175,2024-03-27,4825.957292265899,1575.8348388671875,2412.97900390625,3514.468505859375,5642.322476083933
176,2024-03-28,4884.444581288379,1739.8236083984375,2442.22119140625,3461.843505859375,5704.111922990851
177,2024-03-29,4670.697867168346,2074.169189453125,2335.34765625,3347.3583984375,5876.074975711599
178,2024-03-30,4154.777124122251,2297.48974609375,2077.386474609375,3287.822998046875,6051.277720623562
179,2024-03-31,4242.301485535223,2015.8460693359375,2121.1484375,3117.667724609375,5856.998219997302
0,2024-04-01,15555.195546475006,7923.048828125,7777.59814453125,18011.58203125,10320.242601393358
1,2024-04-02,15935.97514175388,7224.02392578125,7967.98779296875,17715.798828125,9840.040335969976
2,2024-04-03,16683.69884733783,6872.1064453125,8341.849609375,19659.818359375,10033.346077940563
3,2024-04-04,15843.233745265286,7463.36669921875,7921.6171875,21682.716796875,10966.033565340884
4,2024-04-05,15466.462146195176,8007.92333984375,7733.2314453125,22979.615234375,11618.949358330592
5,2024-04-06,13610.970858620945,8392.10546875,6805.486328125,23131.5625,12133.739045551541
6,2024-04-07,12318.015499930363,8380.3671875,6159.0087890625,21354.927734375,11884.228722181026
7,2024-04-08,12651.75454728774,7810.69091796875,6325.87744140625,19371.2109375,11051.546785323002
8,2024-04-09,15266.616516331007,6923.322265625,7633.30810546875,17950.05859375,9841.831516225046
9,2024-04-10,14755.574787916034,5611.107421875,7377.78662109375,18883.8515625,9510.597641084103
10,2024-04-11,16620.39561001584,6017.08203125,8310.197265625,20000.607421875,9701.58011999703
11,2024-04-12,17701.84409402043,7930.13720703125,8850.921875,20238.09375,10548.646480906325
12,2024-04-13,15945.512290710496,8208.1640625,7972.75634765625,19684.205078125,10821.745528743735
13,2024-04-14,14678.909624684602,7323.11572265625,7339.45556640625,18988.83984375,10405.560432920465
14,2024-04-15,14336.207517802017,6247.447265625,7168.10498046875,18225.623046875,9730.614258136731
15,2024-04-16,14404.093087784713,5225.31884765625,7202.0478515625,17631.478515625,9051.983400532554
16,2024-04-17,16752.560903371777,5275.0380859375,8376.28125,18696.142578125,8977.75652495373
17,2024-04-18,17503.55854706024,6485.451171875,8751.7802734375,20407.04296875,9892.713570766049
18,2024-04-19,17063.41094567324,8113.74169921875,8531.7060546875,21412.16796875,11028.737950127674
19,2024-04-20,16023.666756319391,8739.3876953125,8011.83349609375,20846.23046875,11364.601209996756
20,2024-04-21,13538.907068187662,8676.8671875,6769.453125,18497.421875,11132.53897012497
21,2024-04-22,10175.214998677751,8161.16357421875,5087.607421875,16708.57421875,10950.985566654172
22,2024-04-23,11387.991696119541,8038.74462890625,5693.99560546875,16925.703125,10756.645569428758
23,2024-04-24,14349.454111697618,7536.361328125,7174.7265625,18957.7734375,10550.490842826228
24,2024-04-25,17825.531194359173,8669.0,8912.765625,20475.4453125,10953.213206233437
25,2024-04-26,20084.22932958376,9909.787109375,10042.1142578125,20887.865234375,11323.844268769451
26,2024-04-27,19167.62668767257,9628.1533203125,9583.8125,19905.517578125,11080.730762662955
27,2024-04-28,16434.113592078676,8748.3203125,8217.0556640625,18419.904296875,10696.59356964931
28,2024-04-29,14489.011512794066,7542.88916015625,7244.50439453125,16919.873046875,10022.85205888041
29,2024-04-30,14397.767510054051,6202.9560546875,7198.8828125,17260.005859375,9452.216504462522
30,2024-05-01,15880.990192102734,5805.4677734375,7940.49462890625,18318.755859375,9286.472938834253
31,2024-05-02,16683.155448248493,6267.4208984375,8341.5771484375,20263.70703125,9878.339505797157
32,2024-05-03,14517.392774315449,7813.50244140625,7258.6962890625,21179.056640625,11220.202233722102
33,2024-05-04,11803.642452069558,9499.806640625,5901.82177734375,20405.798828125,12292.365654738911
34,2024-05-05,12418.532208338482,8581.197265625,6209.26611328125,18667.884765625,11302.476596434582
35,2024-05-06,15735.40501435689,7557.1826171875,7867.7021484375,17233.91796875,9913.730822503396
36,2024-05-07,18633.753587653337,6534.31640625,9316.876953125,17797.564453125,9090.345579756406
37,2024-05-08,20067.806541586666,6626.677734375,10033.9033203125,18848.7890625,9174.9112734525
38,2024-05-09,21100.836866449274,7954.28369140625,10550.41796875,19486.87890625,9835.908761368886
39,2024-05-10,18141.08237308741,9160.552734375,9070.541015625,19913.875,11010.84069518283
40,2024-05-11,15148.427199586993,9671.0712890625,7574.21435546875,19103.951171875,11526.611703055954
41,2024-05-12,13022.655492579215,9462.009765625,6511.32861328125,18027.451171875,11486.019337573038
42,2024-05-13,14825.91339095059,8780.462890625,7412.95703125,17393.81640625,10706.476810485827
43,2024-05-14,17582.44454523013,8827.39453125,8791.2216796875,17365.44921875,10292.84554181232
44,2024-05-15,19116.699339320417,7401.763671875,9558.3486328125,17999.447265625,9499.082863135234
45,2024-05-16,20550.43427032279,8724.41796875,10275.2158203125,18646.509765625,10098.156550388696
46,2024-05-17,19882.025114379358,9883.9267578125,9941.009765625,18207.1953125,10672.516348182777
47,2024-05-18,17762.774440270383,9504.4365234375,8881.384765625,16585.15234375,10408.400446746178
48,2024-05-19,15579.068846281152,8920.2236328125,7789.5322265625,15096.5234375,10085.422394056659
49,2024-05-20,16311.984508168884,7902.1806640625,8155.9912109375,15212.4208984375,9490.850011651928
50,2024-05-21,16918.449652148614,7237.07958984375,8459.224609375,16122.4775390625,9291.006815710416
51,2024-05-22,20298.09897638869,7137.421875,10149.0498046875,18024.322265625,9188.600948763058
52,2024-05-23,21622.345770815853,7897.6884765625,10811.173828125,19607.6328125,9757.664171878278
53,2024-05-24,20134.296054917388,9007.9716796875,10067.1494140625,19960.556640625,10633.550263628771
54,2024-05-25,18821.13239710708,9868.3466796875,9410.5673828125,19003.576171875,11030.425187749453
55,2024-05-26,18490.4973313284,10230.376953125,9245.2490234375,16959.00390625,10741.374401743113
56,2024-05-27,18690.86938597588,10085.6142578125,9345.43359375,16221.0498046875,10453.799148332648
57,2024-05-28,20359.188101543346,9017.6875,10179.5927734375,16744.73046875,9789.75074170281
58,2024-05-29,21119.2229249035,8459.7900390625,10559.609375,18403.705078125,9809.923533611844
59,2024-05-30,19728.028048035223,8430.2666015625,9864.01171875,19314.84375,10239.85844948949
60,2024-04-01,2725.0353902250063,931.7246704101562,1362.51806640625,1659.804931640625,5211.673692701952
61,2024-04-02,2755.962202300754,1189.459716796875,1377.9813232421875,1705.5264892578125,5352.324149446538
62,2024-04-03,2812.2999215565796,1329.326904296875,1406.150146484375,1868.5562744140625,5457.060547850231
63,2024-04-04,2416.8589894059114,1348.4031982421875,1208.4298095703125,2057.74462890625,5569.862117586978
64,2024-04-05,2413.0441774451756,1250.340576171875,1206.5224609375,2158.7568359375,5548.545198784694
65,2024-04-06,2146.7045011990704,1106.578369140625,1073.3531494140625,2149.0966796875,5516.413773945096
66,2024-04-07,1928.5003632116131,950.0675659179688,964.251220703125,2109.889404296875,5470.343124952022
67,2024-04-08,2103.025787522114,814.7205810546875,1051.5130615234375,2036.6427001953125,5350.178720442631
68,2024-04-09,2602.063049534132,722.1806030273438,1301.0313720703125,1974.535888671875,5206.760936696237
69,2024-04-10,2598.4407547129085,664.0693359375,1299.2196044921875,2065.6142578125,5204.3504181837125
70,2024-04-11,2809.6258346252143,625.4859008789062,1404.8123779296875,2187.94580078125,5179.943530946737
71,2024-04-12,3274.822121364181,551.0875244140625,1637.410888671875,2242.041748046875,5083.6988566997825
72,2024-04-13,2831.115318054246,449.3953857421875,1415.557861328125,2199.562255859375,5091.732467220298
73,2024-04-14,2721.221636403352,399.2462158203125,1360.611572265625,2133.345703125,5067.497925291071
74,2024-04-15,2627.161375223892,366.9852294921875,1313.5819091796875,2055.897705078125,5047.5357058906375
75,2024-04-16,2537.085519425338,358.351318359375,1268.5440673828125,1998.04052734375,5038.92340297396
76,2024-04-17,2788.4810693874024,409.325927734375,1394.2413330078125,2102.056884765625,5054.053842458612
77,2024-04-18,3011.058058778988,536.72412109375,1505.530029296875,2247.820556640625,5116.155495814877
78,2024-04-19,2937.3201253607403,642.1805419921875,1468.66064453125,2304.31640625,5195.249439995838
79,2024-04-20,2976.4279867881414,749.3365478515625,1488.214111328125,2238.194580078125,5228.538740514333
80,2024-04-21,2565.306970531412,926.9070434570312,1282.653076171875,2079.420166015625,5341.599440706024
81,2024-04-22,1989.9758629355638,1161.2352294921875,994.9878540039062,1933.21875,5511.114347019162
82,2024-04-23,2148.5126922132913,1356.572998046875,1074.256103515625,1991.3109130859375,5600.625038728074
83,2024-04-24,2502.806406619493,1403.08447265625,1251.4027099609375,2166.08447265625,5611.994672782283
84,2024-04-25,3143.7680107654232,1377.8472900390625,1571.884033203125,2215.76220703125,5511.842699946816
85,2024-04-26,3586.933431146259,1270.7203369140625,1793.46630859375,2227.833740234375,5392.162147492596
86,2024-04-27,3530.3354279069463,1050.504638671875,1765.1668701171875,2098.952392578125,5259.691959562369
87,2024-04-28,3129.8865412974264,843.1770629882812,1564.942138671875,2003.676513671875,5194.001528633686
88,2024-04-29,2551.462684669066,699.7593994140625,1275.72998046875,1864.52001953125,5177.983902447304
89,2024-04-30,2338.119804975926,606.6883544921875,1169.0589599609375,1889.5926513671875,5171.136670478147
90,2024-05-01,2562.116656946484,586.3548583984375,1281.057861328125,1929.1722412109375,5135.985100089136
91,2024-05-02,2968.9171669984935,629.901611328125,1484.4580078125,2066.715576171875,5128.593732481728
92,2024-05-03,2711.696241112324,686.1049194335938,1355.8480224609375,2064.841064453125,5196.403352191342
93,2024-05-04,2339.401973553933,695.7026977539062,1169.7015380859375,1986.426025390625,5239.700447829731
94,2024-05-05,2342.3879212291067,644.3201904296875,1171.1939697265625,1867.2130126953125,5183.736156065929
95,2024-05-06,2704.2282565443893,594.3062744140625,1352.11376953125,1842.1239013671875,5095.976458489724
96,2024-05-07,3090.0924548408366,612.237060546875,1545.04638671875,1887.392578125,5056.017210615781
97,2024-05-08,3325.360008383541,702.451904296875,1662.6800537109375,1986.301513671875,5089.970195266465
98,2024-05-09,3380.8083019961487,834.6094970703125,1690.4036865234375,2001.289306640625,5150.447778092519
99,2024-05-10,2979.461279337411,923.9578247070312,1489.73046875,2001.5257568359375,5257.842243949919
100,2024-05-11,2560.221633180743,1042.5423583984375,1280.111572265625,1879.30078125,5354.80261339531
101,2024-05-12,2269.853734766715,1222.8333740234375,1134.927734375,1734.624267578125,5453.004132189737
102,2024-05-13,2638.396056966216,1393.776123046875,1319.1983642578125,1679.4925537109375,5466.328632385241
103,2024-05-14,3245.2904924957547,1532.53125,1622.6446533203125,1714.5091552734375,5450.06915936603
104,2024-05-15,3471.3621811172925,1587.9942626953125,1735.6800537109375,1873.3529052734375,5482.152672095195
105,2024-05-16,3566.4655203227885,1505.15234375,1783.2314453125,1985.8114013671875,5454.282397251489
106,2024-05-17,3442.3654464106075,1315.26025390625,1721.179931640625,1963.0423583984375,5373.04762107096
107,2024-05-18,3155.328639489133,1146.280029296875,1577.661865234375,1948.00390625,5329.668551299401
108,2024-05-19,2572.543943937402,1042.63330078125,1286.269775390625,1832.4793701171875,5340.112846632343
109,2024-05-20,2887.5704456688836,974.4326171875,1443.7841796875,1784.236328125,5244.7369669131585
110,2024-05-21,3092.3578552736144,934.1945190429688,1546.1787109375,1833.7786865234375,5204.982561865201
111,2024-05-22,3613.89292170119,956.29248046875,1806.94677734375,2014.3951416015625,5179.7461895467495
112,2024-05-23,3848.695380190853,1054.129150390625,1924.3486328125,2109.310546875,5215.732409182965
113,2024-05-24,3572.0157814798877,1186.75634765625,1786.00927734375,2148.2890625,5335.041962847521
114,2024-05-25,3258.9776119508315,1212.1087646484375,1629.489990234375,2133.142822265625,5392.859010381289
115,2024-05-26,2953.975358672149,1136.7318115234375,1476.988037109375,2007.6202392578125,5372.719059641062
116,2024-05-27,3029.6267101946287,1118.2725830078125,1514.812255859375,1864.781982421875,5315.618041765265
117,2024-05-28,3610.5015781058464,1191.64501953125,1805.24951171875,1862.5931396484375,5261.11385510613
118,2024-05-29,3730.091577247251,1352.939453125,1865.043701171875,1958.630859375,5347.846553021023
119,2024-05-30,3597.790743347723,1416.1434326171875,1798.89306640625,1926.3193359375,5392.645741969958
120,2024-04-01,4160.347890225006,1145.524169921875,2080.17431640625,3078.967041015625,5424.219179152147
121,2024-04-02,4277.867719878879,1123.80126953125,2138.93408203125,3333.343994140625,5457.974967317632
122,2024-04-03,4495.44542936908,1303.736328125,2247.722900390625,3432.2041015625,5539.063149473766
123,2024-04-04,4414.949565577786,1340.77099609375,2207.47509765625,3303.54052734375,5538.454021273501
124,2024-04-05,4352.112536820176,1270.432861328125,2176.056640625,3021.66259765625,5443.995867119655
125,2024-04-06,4022.0431242459454,1261.1484375,2011.0224609375,2960.609130859375,5473.8850416452915
126,2024-04-07,3840.682980399113,1243.765625,1920.342529296875,3046.138916015625,5515.360878553096
127,2024-04-08,4018.880035568989,1102.09619140625,2009.440185546875,3226.5947265625,5462.5503253620645
128,2024-04-09,4460.730285862257,986.03759765625,2230.364990234375,3495.228515625,5403.771701771921
129,2024-04-10,4550.0869949472835,1048.71630859375,2275.042724609375,3632.436279296875,5454.273162934689
130,2024-04-11,4835.011332672089,1124.3760986328125,2417.505126953125,3618.974853515625,5444.347606569296
131,2024-04-12,4614.785500270431,1109.7861328125,2307.392578125,3461.087646484375,5432.028698313552
132,2024-04-13,4005.189292663621,1103.2694091796875,2002.5948486328125,3420.763427734375,5513.9908671836765
133,2024-04-14,3791.265825856477,1092.646728515625,1895.6336669921875,3480.93408203125,5557.2630162334535
134,2024-04-15,3855.682615458267,868.9320068359375,1927.842529296875,3612.93310546875,5468.4197543525515
135,2024-04-16,3942.964669815963,792.628662109375,1971.483642578125,3761.62451171875,5447.851183125327
136,2024-04-17,4239.494008840527,901.0494384765625,2119.747802734375,3801.55078125,5464.392129812128
137,2024-04-18,4390.224562685238,1099.7412109375,2195.11328125,3683.334228515625,5512.106194667416
138,2024-04-19,4273.31280114199,1137.899658203125,2136.656982421875,3449.68603515625,5490.6033828669315
139,2024-04-20,4018.3647543662664,1176.5439453125,2009.1824951171875,3275.96142578125,5505.990393041188
140,2024-04-21,3584.975427562662,1182.65673828125,1792.4873046875,3406.570068359375,5610.164549958954
141,2024-04-22,3397.8898033652513,993.569091796875,1698.94482421875,3558.075927734375,5582.784516849484
142,2024-04-23,3708.9511687757913,876.392822265625,1854.475341796875,3807.852294921875,5538.127091035203
143,2024-04-24,4594.702158572618,989.1776733398438,2297.3505859375,3817.33154296875,5458.6313762734935
144,2024-04-25,4996.729924827923,1122.370849609375,2498.364990234375,3606.893798828125,5409.975657405312
145,2024-04-26,5272.222493646259,1152.24755859375,2636.11083984375,3397.606689453125,5329.600982636639
146,2024-04-27,4975.188699391321,1168.754638671875,2487.593505859375,3223.024658203125,5341.786731901237
147,2024-04-28,4237.555486609926,1127.41455078125,2118.776611328125,3282.048583984375,5450.374804390522
148,2024-04-29,3943.518837012816,891.98291015625,1971.758056640625,3425.911865234375,5414.314857952675
149,2024-04-30,3995.455254194676,748.08203125,1997.7266845703125,3418.198486328125,5332.323720343869
150,2024-05-01,4425.428180383984,828.21923828125,2212.713623046875,3418.21484375,5305.262092886987
151,2024-05-02,4352.0358193422435,1016.9296264648438,2176.017333984375,3272.791259765625,5374.657743101845
152,2024-05-03,4047.278272362324,1075.1949462890625,2023.6390380859375,3168.8974609375,5427.620408465756
153,2024-05-04,3594.003780194558,1124.6883544921875,1797.00244140625,3104.51318359375,5504.743553908833
154,2024-05-05,3758.1022766978567,1141.367431640625,1879.0511474609375,3310.357177734375,5538.840755064953
155,2024-05-06,4375.101303419389,958.311279296875,2187.55029296875,3444.624755859375,5384.426913201638
156,2024-05-07,4928.923997809587,812.7386474609375,2464.462158203125,3412.091552734375,5216.935820234921
157,2024-05-08,5130.040428305416,913.0621337890625,2565.020263671875,3378.563232421875,5226.879901382188
158,2024-05-09,5256.385206293024,1134.08447265625,2628.192138671875,3157.363525390625,5263.238442765371
159,2024-05-10,4648.731787149911,1222.3226318359375,2324.36572265625,2963.662841796875,5358.3488281173995
160,2024-05-11,3880.625685915118,1292.0887451171875,1940.3135986328125,2840.93896484375,5479.921296256638
161,2024-05-12,3572.664769922965,1285.25634765625,1786.333251953125,2898.337646484375,5540.4025620603425
162,2024-05-13,4368.980773763091,1053.2955322265625,2184.49072265625,3046.25537109375,5336.48765948485
163,2024-05-14,4803.51388116763,845.20703125,2401.75634765625,3100.235595703125,5174.526648379702
164,2024-05-15,5162.7320541641675,913.711181640625,2581.364990234375,3096.858154296875,5152.248817725078
165,2024-05-16,5447.9518484477885,1131.14501953125,2723.974609375,2892.740966796875,5165.435648899438
166,2024-05-17,5212.170133910608,1218.202392578125,2606.082275390625,2788.13818359375,5219.652807533363
167,2024-05-18,4520.513209801633,1250.26611328125,2260.254150390625,2952.163818359375,5385.953287932702
168,2024-05-19,4001.769285734277,1294.293212890625,2000.8824462890625,3143.515869140625,5535.769737501483
169,2024-05-20,4052.6383167626336,1166.0255126953125,2026.318115234375,3243.6904296875,5488.72627813142
170,2024-05-21,4392.400824023614,1007.1853637695312,2196.2001953125,3398.7158203125,5394.929133215299
171,2024-05-22,5294.17661310744,1147.860107421875,2647.088623046875,3392.73828125,5322.896084261105
172,2024-05-23,5263.149481753353,1397.91357421875,2631.57568359375,3216.526611328125,5408.728243533551
173,2024-05-24,5060.250156479888,1418.7607421875,2530.12646484375,3084.2119140625,5417.779252276232
174,2024-05-25,4826.0054439820815,1423.3291015625,2413.00390625,3139.026123046875,5471.291810674258
175,2024-05-26,4785.663346953399,1425.90185546875,2392.83203125,3305.07958984375,5516.069225961863
176,2024-05-27,4943.326417225879,1340.0518798828125,2471.662109375,3269.29443359375,5442.881820451788
177,2024-05-28,5310.220328105846,1227.1142578125,2655.10888671875,3207.510009765625,5313.612939578787
178,2024-05-29,5140.177026466001,1359.90380859375,2570.08642578125,3193.62841796875,5403.082026653836
179,2024-05-30,4846.202852722723,1620.25244140625,2423.09912109375,2905.1552734375,5507.1590018576535
0,2024-05-31,18682.329335537506,6072.5234375,9341.1650390625,20210.30859375,9453.459123610155
1,2024-06-01,17273.42338394138,6688.5576171875,8636.7119140625,19198.93359375,9729.275718050054
2,2024-06-02,16658.11095671283,8158.72509765625,8329.0556640625,17717.611328125,10190.276436827282
3,2024-06-03,17224.807964015286,9694.365234375,8612.404296875,17407.201171875,10791.884883700259
4,2024-06-04,19018.044177445176,8844.974609375,9509.0224609375,18672.96484375,10403.05159221731
5,2024-06-05,20685.597811745945,8506.982421875,10342.7998046875,20370.1484375,10397.537019184354
6,2024-06-06,20855.769406180363,8006.9541015625,10427.8857421875,21764.423828125,10469.196556653682
7,2024-06-07,20012.27310197524,7641.2890625,10006.13671875,21724.599609375,10408.341798750736
8,2024-06-08,18345.484680393507,8676.3232421875,9172.7421875,19848.21875,10717.361698109811
9,2024-06-09,16558.536701978534,10229.294921875,8279.267578125,17678.705078125,11231.177322480587
10,2024-06-10,17486.24131314084,10798.3857421875,8743.1201171875,16661.119140625,11116.326946168905
11,2024-06-11,17682.33823464543,10503.4052734375,8841.1689453125,17188.80859375,11070.127498972732
12,2024-06-12,18207.929282897996,10274.8486328125,9103.96484375,18210.3984375,11129.212356136313
13,2024-06-13,19437.719194997102,9751.689453125,9718.8603515625,18701.08984375,10798.09403277398
14,2024-06-14,19152.620603739517,8265.28125,9576.3115234375,18458.6171875,10038.904022541028
15,2024-06-15,17115.184884659713,8525.2822265625,8557.59375,17645.1015625,10283.665224263023
16,2024-06-16,17146.205434621777,9590.443359375,8573.103515625,16615.859375,10554.354852590448
17,2024-06-17,17455.54682831024,11342.59375,8727.7744140625,16627.61328125,11384.84961812933
18,2024-06-18,18527.01055504824,10481.90234375,9263.505859375,17566.3984375,11022.245152276111
19,2024-06-19,19436.66968600689,9562.7470703125,9718.3349609375,18557.689453125,10668.315901158865
20,2024-06-20,19010.196130687662,8882.2607421875,9505.09765625,19772.900390625,10698.0309745195
21,2024-06-21,17100.77945180275,8308.5830078125,8550.3896484375,18813.525390625,10469.711762943234
22,2024-06-22,16001.744625807041,8863.6513671875,8000.8720703125,16984.068359375,10461.676117524461
23,2024-06-23,15362.081064822618,10274.6259765625,7681.0400390625,15840.669921875,10981.277524955134
24,2024-06-24,15501.703069359173,11783.6962890625,7750.8515625,16582.98046875,11899.58375066703
25,2024-06-25,17595.69612645876,11413.6572265625,8797.84765625,17485.9453125,11613.122528046795
26,2024-06-26,19783.53489079757,10766.009765625,9891.7666015625,18230.56640625,11133.608509244987
27,2024-06-27,20158.467107703676,10635.5361328125,10079.232421875,18705.94140625,11128.636843575092
28,2024-06-28,19302.496864356566,9722.1494140625,9651.2470703125,18119.65625,10659.161110394081
29,2024-06-29,17842.38079130405,9983.9658203125,8921.189453125,16376.033203125,10582.267712958615
30,2024-06-30,16223.536090540234,10977.5576171875,8111.767578125,15884.658203125,11209.172554312769
31,2024-07-01,16657.694510748493,11956.087890625,8328.8466796875,16093.0361328125,11682.733426695595
32,2024-07-02,19429.98652431545,11090.392578125,9714.9931640625,16985.626953125,11039.999352862727
33,2024-07-03,20496.32311613206,9923.345703125,10248.162109375,18187.73046875,10590.18825605727
34,2024-07-04,19986.34959115098,8916.671875,9993.1748046875,18844.529296875,10330.728946288098
35,2024-07-05,18579.83274873189,8035.181640625,9289.916015625,17850.322265625,9861.197619378396
36,2024-07-06,15841.614915778337,8338.0390625,7920.8076171875,16212.92578125,10031.11974967828
37,2024-07-07,15065.844627524166,9221.005859375,7532.92236328125,15863.9560546875,10506.913196059922
38,2024-07-08,16491.418897699274,11960.607421875,8245.708984375,16082.29296875,11709.339547501699
39,2024-07-09,19132.50815433741,11075.2333984375,9566.25390625,16781.498046875,11028.163876335173
40,2024-07-10,21051.926223024493,10006.396484375,10525.9638671875,17824.890625,10454.759926932908
41,2024-07-11,20771.633031641715,9530.2607421875,10385.8173828125,18168.603515625,10346.37117473124
42,2024-07-12,18310.15753157559,9473.88671875,9155.0791015625,17634.56640625,10569.338138610827
43,2024-07-13,17077.64962335513,9827.7802734375,8538.82421875,16556.255859375,10669.268271304507
44,2024-07-14,16895.504026820417,10986.0791015625,8447.7509765625,15669.58984375,11055.20450620164
45,2024-07-15,17451.99091094779,12219.849609375,8725.994140625,15648.8369140625,11580.010920505883
46,2024-07-16,18076.618864379358,11515.39453125,9038.306640625,16435.064453125,11326.808401405433
47,2024-07-17,17922.325221520383,10529.9375,8961.16015625,16935.529296875,10983.306086394616
48,2024-07-18,17988.549315031152,10109.869140625,8994.2724609375,16871.224609375,10746.857452650409
49,2024-07-19,16704.461070668884,8502.97265625,8352.2294921875,15913.6455078125,9904.653600519116
50,2024-07-20,16719.693792773614,8157.41259765625,8359.8466796875,15076.9658203125,9520.320109167447
51,2024-07-21,16297.44272638869,8613.4052734375,8148.7216796875,14729.7177734375,9727.48601956384
52,2024-07-22,16934.013739565853,10835.3466796875,8467.0078125,15419.439453125,10911.42552441734
53,2024-07-23,18364.087070542388,10705.2421875,9182.044921875,16153.728515625,10806.498383745959
54,2024-07-24,19147.16364710708,9994.001953125,9573.5830078125,16534.015625,10423.592057866641
55,2024-07-25,18188.3274094534,9472.451171875,9094.1640625,16367.0166015625,10270.6320921728
56,2024-07-26,16941.49438597588,8948.763671875,8470.74609375,15588.41015625,10008.274490129523
57,2024-07-27,16008.015249980846,8968.044921875,8004.00634765625,14513.5732421875,9895.705423099294
58,2024-07-28,16247.6369874035,9495.6591796875,8123.81640625,14496.8486328125,10117.388743572781
59,2024-07-29,17370.748751160223,11191.3212890625,8685.3720703125,15342.998046875,11000.994863063708
60,2024-05-31,3385.7863667875063,751.91796875,1692.8935546875,1876.3199462890625,5079.859117506639
61,2024-06-01,3188.998579253879,523.1058349609375,1594.49951171875,1758.0543212890625,4966.202460603765
62,2024-06-02,3045.5655465565796,480.84075927734375,1522.782958984375,1650.936279296875,4940.694245359997
63,2024-06-03,3137.8443409684114,425.55572509765625,1568.9224853515625,1664.6456298828125,4901.878650484927
64,2024-06-04,3357.4702028358006,388.0419921875,1678.7354736328125,1783.698974609375,4878.73707042776
65,2024-06-05,3578.5785246365704,362.420654296875,1789.2901611328125,1981.4720458984375,4880.830392292264
66,2024-06-06,3531.342648367863,371.466064453125,1765.67236328125,2102.613525390625,4922.987274732295
67,2024-06-07,3349.905914475239,411.67822265625,1674.953125,2093.19091796875,4968.996179549076
68,2024-06-08,3117.017151096632,450.4134521484375,1558.5084228515625,1940.729736328125,4986.6335029193815
69,2024-06-09,2854.8345535410335,471.8892822265625,1427.41650390625,1786.5185546875,4999.839904878048
70,2024-06-10,2975.0323287658393,527.2179565429688,1487.515625,1750.675048828125,4999.801837831503
71,2024-06-11,3083.262062770431,446.93487548828125,1541.630859375,1842.814697265625,4965.784313547927
72,2024-06-12,3201.303062194871,116.41455078125,1600.6517333984375,1960.3619384765625,4811.464179561606
73,2024-06-13,3344.323198903352,-239.5662841796875,1672.162353515625,2032.06640625,4629.054474363336
74,2024-06-14,3324.843015848892,-515.686767578125,1662.4227294921875,2032.8238525390625,4494.227646198255
75,2024-06-15,2979.519845597213,-711.0650634765625,1489.76123046875,1970.3056640625,4435.062822529624
76,2024-06-16,2910.5010889186524,-825.3297119140625,1455.2513427734375,1827.3070068359375,4352.803964528925
77,2024-06-17,2950.355666200863,-846.2164306640625,1475.1788330078125,1792.4840087890625,4327.574593715268
78,2024-06-18,3101.0564534857403,-812.0250244140625,1550.52880859375,1858.49951171875,4337.449383538318
79,2024-06-19,3135.8488852256414,-788.7349853515625,1567.924560546875,1991.7725830078125,4377.055319188649
80,2024-06-20,3110.734216625162,-806.3026123046875,1555.36669921875,2114.302734375,4402.93878854538
81,2024-06-21,2876.8524498496263,-712.8238525390625,1438.4261474609375,2060.497802734375,4472.371804752316
82,2024-06-22,2782.1860320570413,-546.2528076171875,1391.0927734375,1835.94140625,4514.536110505418
83,2024-06-23,2683.236826541368,-474.372802734375,1341.617919921875,1688.261962890625,4528.915395743708
84,2024-06-24,2752.5031181872982,-451.1575927734375,1376.2515869140625,1712.0477294921875,4535.671252192909
85,2024-06-25,2974.646321771259,-421.9605712890625,1487.32275390625,1929.8656005859375,4570.026855439373
86,2024-06-26,3238.6813751725713,-362.4600830078125,1619.33984375,2018.659423828125,4580.735408964225
87,2024-06-27,3240.5718440318014,-273.140625,1620.2847900390625,2059.676025390625,4635.4250821004825
88,2024-06-28,3063.217811622191,-177.23486328125,1531.6075439453125,1991.52587890625,4694.015884869179
89,2024-06-29,2843.014580366551,-77.009765625,1421.50634765625,1774.3897705078125,4724.2490438301975
90,2024-06-30,2610.457477258984,-15.6309814453125,1305.228271484375,1680.21044921875,4767.748283682886
91,2024-07-01,2654.4962685609935,-171.081787109375,1327.24755859375,1708.380859375,4690.173078184853
92,2024-07-02,3090.457471581074,-472.168212890625,1545.2286376953125,1809.0609130859375,4496.682420184506
93,2024-07-03,3355.759151288308,-746.0540771484375,1677.880126953125,1939.1387939453125,4350.798950942524
94,2024-07-04,3227.3617981822317,-913.1927490234375,1613.680908203125,1965.7091064453125,4293.967273314464
95,2024-07-05,3033.9557956068893,-954.4534912109375,1516.9775390625,1901.2691650390625,4287.410792290993
96,2024-07-06,2513.3414782783366,-899.0401611328125,1256.6708984375,1685.90234375,4342.623343123105
97,2024-07-07,2460.142479086666,-796.6392822265625,1230.0712890625,1658.061279296875,4395.295154067735
98,2024-07-08,2670.2067394961487,-707.3680419921875,1335.1029052734375,1722.4647216796875,4423.37810646166
99,2024-07-09,3180.840185587411,-680.3612060546875,1590.419921875,1866.1617431640625,4392.877972404509
100,2024-07-10,3550.918898805743,-606.0762939453125,1775.460205078125,2016.260986328125,4409.551980155564
101,2024-07-11,3508.916234766715,-411.458740234375,1754.458984375,2067.92529296875,4526.431523241983
102,2024-07-12,3046.056945638091,-254.8887939453125,1523.02880859375,1983.4371337890625,4655.912944824206
103,2024-07-13,2723.3117327301297,-189.185302734375,1361.6552734375,1792.98974609375,4691.69131360187
104,2024-07-14,2587.2083725235425,-115.561279296875,1293.6031494140625,1670.881103515625,4719.437385840312
105,2024-07-15,2696.9747976665385,5.0589599609375,1348.486083984375,1659.7672119140625,4759.7291974834225
106,2024-07-16,2815.0505050043575,150.993896484375,1407.5224609375,1784.32177734375,4845.372297584632
107,2024-07-17,2848.794459801633,338.8370361328125,1424.394775390625,1888.6397705078125,4960.094576690026
108,2024-07-18,2957.206297453027,632.789794921875,1478.6009521484375,1904.836669921875,5094.204086561542
109,2024-07-19,2689.0592152001336,786.6846313476562,1344.528564453125,1734.967529296875,5170.578313653881
110,2024-07-20,2695.9057068361144,683.6829833984375,1347.95263671875,1567.761474609375,5076.18831137692
111,2024-07-21,2686.87924982619,515.6566772460938,1343.43994140625,1506.435791015625,4978.279110384152
112,2024-07-22,2820.638983706478,424.65814208984375,1410.3204345703125,1597.80712890625,4934.754213992535
113,2024-07-23,2996.7311135111377,394.56591796875,1498.366943359375,1769.6412353515625,4935.192376360705
114,2024-07-24,3060.1695064820815,435.02398681640625,1530.0859375,1980.990478515625,4998.377832097598
115,2024-07-25,2964.529802031524,577.5547485351562,1482.2652587890625,2002.7371826171875,5090.2187086889135
116,2024-07-26,2695.3022473040037,793.0967407226562,1347.6500244140625,1851.520751953125,5202.166847002081
117,2024-07-27,2560.5240390433464,977.2764892578125,1280.2607421875,1743.2803955078125,5288.631631595388
118,2024-07-28,2543.906518653501,1083.3441162109375,1271.951171875,1687.59375,5330.512355022976
119,2024-07-29,2705.006807800848,806.1966552734375,1352.5010986328125,1707.79833984375,5171.739308864489
120,2024-05-31,4514.187733975006,454.55181884765625,2257.09423828125,2760.92431640625,4941.090639113085
121,2024-06-01,4113.755903472629,600.9492797851562,2056.878173828125,2932.0361328125,5119.741034822515
122,2024-06-02,4122.51085905658,822.8380737304688,2061.255615234375,3246.22119140625,5307.781411192516
123,2024-06-03,4369.596538234036,854.4598388671875,2184.798583984375,3558.450439453125,5363.112666903384
124,2024-06-04,4855.149646195176,729.536376953125,2427.5751953125,3626.561279296875,5241.804231987819
125,2024-06-05,5119.332675027195,567.3631591796875,2559.667236328125,3479.970458984375,5082.763764789823
126,2024-06-06,5044.784054617863,303.4163818359375,2522.39306640625,3132.2490234375,4875.489296521846
127,2024-06-07,4751.736480881489,417.25384521484375,2375.868408203125,2955.33935546875,4934.086549727299
128,2024-06-08,4336.981750706007,635.936767578125,2168.49072265625,3017.12841796875,5123.523685414499
129,2024-06-09,4122.9322097910335,917.96484375,2061.46533203125,3250.5966796875,5356.360824677853
130,2024-06-10,4405.004008453339,962.3555908203125,2202.50146484375,3421.738525390625,5377.327937990194
131,2024-06-11,4545.255715114181,813.8429565429688,2272.627685546875,3442.28173828125,5286.289272654372
132,2024-06-12,4749.878501647996,633.647216796875,2374.939453125,3256.525146484375,5117.732635066977
133,2024-06-13,4808.206499684602,309.453125,2404.10400390625,3111.32177734375,4910.181206235895
134,2024-06-14,4661.464842020767,420.09649658203125,2330.733642578125,3055.6025390625,4974.544540729505
135,2024-06-15,4295.245431534713,636.5653076171875,2147.6240234375,3032.84716796875,5133.6439687698585
136,2024-06-16,4417.396352590527,868.8916015625,2208.698974609375,3198.501953125,5271.89241972912
137,2024-06-17,4578.672804872738,916.982421875,2289.33740234375,3447.268310546875,5332.904656581479
138,2024-06-18,4818.86993004824,841.9446411132812,2409.435546875,3473.861328125,5264.539707940174
139,2024-06-19,4837.354256319391,681.7140502929688,2418.67724609375,3077.29541015625,5082.21830594402
140,2024-06-20,4684.293298656412,361.39691162109375,2342.146240234375,2825.440185546875,4883.070250642548
141,2024-06-21,4136.730135396501,420.68634033203125,2068.364990234375,2846.480224609375,5003.707856693234
142,2024-06-22,3782.3789031507913,618.6124267578125,1891.189208984375,3078.822998046875,5216.07180844243
143,2024-06-23,3820.777842166368,891.9796142578125,1910.388427734375,3399.961669921875,5427.052381522517
144,2024-06-24,4073.1393486560482,956.3942260742188,2036.5697021484375,3468.85791015625,5437.06659215873
145,2024-06-25,4579.952962396259,867.427978515625,2289.97607421875,3366.117431640625,5287.716079682537
146,2024-06-26,4910.492410328821,682.7268676757812,2455.245361328125,3031.584716796875,5060.029300870963
147,2024-06-27,4834.118963172426,328.07958984375,2417.058349609375,2854.2548828125,4850.381060494037
148,2024-06-28,4566.628700294066,385.64202880859375,2283.31298828125,2814.36279296875,4910.833687298378
149,2024-06-29,4236.432549116551,573.7222900390625,2118.21533203125,3044.303466796875,5114.056851752561
150,2024-06-30,4092.913043665234,827.8405151367188,2046.4560546875,3273.427001953125,5320.8754046545655
151,2024-07-01,4306.9298623109935,902.50634765625,2153.46435546875,3473.990234375,5374.889829283486
152,2024-07-02,4724.011914940449,854.0867919921875,2362.005859375,3361.04443359375,5257.290460040463
153,2024-07-03,4898.897334882058,689.388916015625,2449.44921875,3008.77685546875,5059.544625075825
154,2024-07-04,4762.392559900982,336.2598876953125,2381.1962890625,2822.9482421875,4857.849551756847
155,2024-07-05,4542.268783888139,375.303955078125,2271.134033203125,2906.912109375,4932.755099236794
156,2024-07-06,4124.838060309587,561.90966796875,2062.419189453125,3088.20556640625,5136.744078291562
157,2024-07-07,4151.703514242916,825.86767578125,2075.851806640625,3241.2734375,5303.122989150743
158,2024-07-08,4392.156202386774,879.9486083984375,2196.07763671875,3349.519775390625,5319.872338639394
159,2024-07-09,4796.773291056161,844.857666015625,2398.386474609375,3285.91064453125,5223.307446281462
160,2024-07-10,4899.878371461993,704.3565673828125,2449.93994140625,2965.30126953125,5056.870034354783
161,2024-07-11,4650.244848047965,376.7210693359375,2325.123291015625,2802.377685546875,4891.258473315225
162,2024-07-12,4072.289855794341,394.30328369140625,2036.145263671875,2824.191162109375,4995.807422668444
163,2024-07-13,4066.2463030426297,571.6769409179688,2033.12255859375,2930.83447265625,5112.142935611148
164,2024-07-14,4166.7540268204175,859.5477905273438,2083.3759765625,3124.5390625,5288.757713599101
165,2024-07-15,4365.4591726665385,948.8197021484375,2182.728271484375,3137.92138671875,5305.678080540063
166,2024-07-16,4564.611051879358,907.7564697265625,2282.302734375,2900.650634765625,5194.397772132972
167,2024-07-17,4399.014186364133,768.624267578125,2199.504638671875,2658.884765625,5090.581782195397
168,2024-07-18,4348.320799406152,488.9364013671875,2174.158203125,2543.46875,4929.830795545917
169,2024-07-19,3940.2911487938836,462.6795654296875,1970.14453125,2689.513916015625,5016.976003473217
170,2024-07-20,3949.5209412111144,606.3353271484375,1974.76025390625,2911.294921875,5142.803721227994
171,2024-07-21,3905.49301935744,846.2490844726562,1952.746826171875,3210.15234375,5344.375240755246
172,2024-07-22,4145.939032534603,949.3575439453125,2072.970458984375,3327.82275390625,5387.798311892926
173,2024-07-23,4449.113437729888,913.2017822265625,2224.55810546875,3159.17236328125,5280.206055865099
174,2024-07-24,4589.1363033570815,794.2952270507812,2294.5693359375,2833.282958984375,5117.413835210391
175,2024-07-25,4504.296647734649,560.7888793945312,2252.148681640625,2718.543212890625,4985.782192880808
176,2024-07-26,4251.873292225879,524.4705810546875,2125.935546875,2787.01220703125,5024.242370378546
177,2024-07-27,4114.367789043346,632.037109375,2057.1826171875,3024.6328125,5158.929239017263
178,2024-07-28,4155.078393653501,820.44873046875,2077.537109375,3276.798828125,5309.768138104031
179,2024-07-29,4346.929415222723,1005.0554809570312,2173.46240234375,3346.777587890625,5389.423574001208
